id,name,address,query,query_variant,attempted_queries,matched_query,source,candidate_title,candidate_address,candidate_phone,candidate_homepage_url,candidate_price_text,candidate_price_min,candidate_price_max,candidate_price_type,candidate_difficulty,candidate_difficulty_text,candidate_avg_score,candidate_reservation_prices_text,candidate_confidence,needs_review,reason,source_url,collected_at
gc-a80360466b97,1·2·3 골프장,경기도 고양시 덕양구 통일로 43-168,1·2·3 골프장,original,1·2·3 골프장 | 1·2·3 | 1·2·3 골프장 네이버 | 1·2·3 골프장 그린피 | 1·2·3 골프장 네이버 예약 | 1·2·3 골프장 고양시,1·2·3 골프장,naver_scrape,1·2·3 골프장,,031-681-9992,,,,,unknown,,,,,medium,true,"이름 유사·phone/homepage/price 후보 있음, 주소 확인 약함; phone candidates: 2; homepage not found; naver reservation price not found; naver reservation price not found — price fields left empty",https://search.naver.com/search.naver?where=nexearch&query=1%C2%B72%C2%B73%20%EA%B3%A8%ED%94%84%EC%9E%A5,2026-06-19T07:40:10.635Z
gc-8fbc2ee961a0,고양컨트리클럽,경기도 고양시 덕양구 흥도로 304-23,고양컨트리클럽,original,고양컨트리클럽 | 고양CC | 고양C.C | 고양컨트리클럽 네이버 | 고양컨트리클럽 그린피 | 고양컨트리클럽 네이버 예약 | 고양컨트리클럽 고양시,고양컨트리클럽,naver_scrape,고양컨트리클럽,경기도 고양시 덕양구 흥도로 304-23 (도내동),031-960-7700,,,,,unknown,,,,,high,true,"골프장명·주소(시/군/구) 일치, phone/homepage/price 후보 수집; phone candidates: 2; homepage not found; naver reservation price not found; naver reservation price not found — price fields left empty",https://search.naver.com/search.naver?where=nexearch&query=%EA%B3%A0%EC%96%91%EC%BB%A8%ED%8A%B8%EB%A6%AC%ED%81%B4%EB%9F%BD,2026-06-19T07:40:04.962Z
gc-254a1c054bbe,골드컨트리클럽,경기도 용인시 기흥구 기흥단지로 398,골드컨트리클럽,original,골드컨트리클럽 | 골드CC | 골드C.C | 골드컨트리클럽 네이버 | 골드컨트리클럽 그린피 | 골드컨트리클럽 네이버 예약 | 골드컨트리클럽 용인시,골드컨트리클럽,naver_scrape,골드CC,경기 용인시 기흥구 기흥단지로 398,031-286-8111,http://www.gakorea.com/,"네이버 예약: 200,000원; 220,000원; 290,000원",200000,290000,reservation_price,4.1,4.1/10,91,"네이버 예약: 200,000원; 220,000원; 290,000원",high,true,"골프장명·주소(시/군/구) 일치, phone/homepage/price 후보 수집; phone candidates: 4; homepage ambiguous; reservation prices: 3; difficulty: 4.1/10",https://search.naver.com/search.naver?where=nexearch&query=%EA%B3%A8%EB%93%9C%EC%BB%A8%ED%8A%B8%EB%A6%AC%ED%81%B4%EB%9F%BD,2026-06-19T07:37:17.111Z
gc-66517960c8f8,광릉CC(비회원제),경기도 남양주시 진접읍 팔야로 280,광릉CC(비회원제),original,광릉CC(비회원제) | 광릉CC(비회원제) 네이버 | 광릉CC(비회원제) 그린피 | 광릉CC(비회원제) 네이버 예약 | 광릉CC(비회원제) 남양주시,광릉CC(비회원제),naver_scrape,광릉CC(비회원),"남양주시 진접읍 팔야로 280 031-528-7001 (월~일) 07:00~19:00 휴무일 : X ㅇ시설유형 : 골프장업 ㅇ부지면적(㎡) : 139,847 ㅇ총면적(㎡) : 139,847 ㅇ이용요금 : 주말4500",031-528-7001,,,,,unknown,,,,,high,true,"골프장명·주소(시/군/구) 일치, phone/homepage/price 후보 수집; homepage not found; naver reservation price not found; naver reservation price not found — price fields left empty",https://search.naver.com/search.naver?where=nexearch&query=%EA%B4%91%EB%A6%89CC(%EB%B9%84%ED%9A%8C%EC%9B%90%EC%A0%9C),2026-06-19T07:41:38.180Z
gc-73a2a3982c35,광릉CC(회원제),경기도 남양주시 진접읍 팔야로 280,광릉CC(회원제),original,광릉CC(회원제) | 광릉CC | 광릉CC 네이버 | 광릉CC 그린피 | 광릉CC 네이버 예약 | 광릉CC 남양주시,광릉CC(회원제),naver_scrape,광릉CC(회원제),,031-528-7001,,,,,unknown,,,,,medium,true,"이름 유사·phone/homepage/price 후보 있음, 주소 확인 약함; homepage not found; naver reservation price not found; naver reservation price not found — price fields left empty",https://search.naver.com/search.naver?where=nexearch&query=%EA%B4%91%EB%A6%89CC(%ED%9A%8C%EC%9B%90%EC%A0%9C),2026-06-19T07:41:32.747Z
gc-0f218a599984,국가보훈부 88골프장,경기도 용인시 기흥구 석성로 521번길 169,국가보훈부 88골프장 네이버,naver,국가보훈부 88골프장 | 국가보훈부 88 | 국가보훈부 88골프장 네이버 | 국가보훈부 88골프장 그린피 | 국가보훈부 88골프장 네이버 예약 | 국가보훈부 88골프장 용인시,국가보훈부 88골프장 네이버,naver_scrape,open-maru.com›업체›국가보훈부88골프장,경기도 용인시 기흥구 석성로521번길 169,1811-1360,,,,,unknown,,,,,high,true,"골프장명·주소(시/군/구) 일치, phone/homepage/price 후보 수집; homepage not found; naver reservation price not found; naver reservation price not found — price fields left empty",https://search.naver.com/search.naver?where=nexearch&query=%EA%B5%AD%EA%B0%80%EB%B3%B4%ED%9B%88%EB%B6%80%2088%EA%B3%A8%ED%94%84%EC%9E%A5%20%EB%84%A4%EC%9D%B4%EB%B2%84,2026-06-19T07:37:23.251Z
gc-748b687096d1,글렌로스 골프클럽,경기도 용인시 처인구 포곡읍 에버랜드로 562번길 69,글렌로스 골프클럽,original,글렌로스 골프클럽 | 글렌로스 GC | 글렌로스 G.C | 글렌로스 | 글렌로스 골프클럽 네이버 | 글렌로스 골프클럽 그린피 | 글렌로스 골프클럽 네이버 예약 | 글렌로스 골프클럽 용인시,글렌로스 골프클럽,naver_scrape,글렌로스골프클럽,경기 용인시 처인구 포곡읍 에버랜드로562번길 69 글렌로스골프클럽,031-320-9601,https://www.benestgolf.com,"네이버 예약: 290,000원",290000,290000,reservation_price,2.2,2.2/10,89,"네이버 예약: 290,000원",high,true,"골프장명·주소(시/군/구) 일치, phone/homepage/price 후보 수집; homepage ambiguous; reservation prices: 1; difficulty: 2.2/10",https://search.naver.com/search.naver?where=nexearch&query=%EA%B8%80%EB%A0%8C%EB%A1%9C%EC%8A%A4%20%EA%B3%A8%ED%94%84%ED%81%B4%EB%9F%BD,2026-06-19T07:39:01.934Z
gc-7701abd77260,기흥컨트리클럽,경기도 화성시 풀무골로106번길 244,기흥컨트리클럽,original,기흥컨트리클럽 | 기흥CC | 기흥C.C | 기흥컨트리클럽 네이버 | 기흥컨트리클럽 그린피 | 기흥컨트리클럽 네이버 예약 | 기흥컨트리클럽 화성시,기흥컨트리클럽,naver_scrape,기흥CC,경기 화성시 풀무골로106번길 244,031-376-4001,http://www.ghcc.kr/,,,,unknown,1.7,1.7/10,89,,high,true,"골프장명·주소(시/군/구) 일치, phone/homepage/price 후보 수집; phone candidates: 2; homepage ambiguous; naver reservation price not found; difficulty: 1.7/10; naver reservation price not found — price fields left empty",https://search.naver.com/search.naver?where=nexearch&query=%EA%B8%B0%ED%9D%A5%EC%BB%A8%ED%8A%B8%EB%A6%AC%ED%81%B4%EB%9F%BD,2026-06-19T07:40:47.113Z
gc-1475a1d902d7,남부컨트리클럽,경기도 용인시 기흥구 사은로 163,남부컨트리클럽,original,남부컨트리클럽 | 남부CC | 남부C.C | 남부컨트리클럽 네이버 | 남부컨트리클럽 그린피 | 남부컨트리클럽 네이버 예약 | 남부컨트리클럽 용인시,남부컨트리클럽,naver_scrape,남부CC,경기 용인시 기흥구 사은로 163,031-280-4100,http://www.namboocc.co.kr/,,,,unknown,,,,,high,true,"골프장명·주소(시/군/구) 일치, phone/homepage/price 후보 수집; homepage ambiguous; naver reservation price not found; naver reservation price not found — price fields left empty",https://search.naver.com/search.naver?where=nexearch&query=%EB%82%A8%EB%B6%80%EC%BB%A8%ED%8A%B8%EB%A6%AC%ED%81%B4%EB%9F%BD,2026-06-19T07:37:50.588Z
gc-210de13c89f8,남서울컨트리클럽,경기도 성남시 분당구 판교백현로 161,남서울컨트리클럽,original,남서울컨트리클럽 | 남서울CC | 남서울C.C | 남서울컨트리클럽 네이버 | 남서울컨트리클럽 그린피 | 남서울컨트리클럽 네이버 예약 | 남서울컨트리클럽 성남시,남서울컨트리클럽,naver_scrape,남서울CC,경기 성남시 분당구 판교백현로 161,031-709-6000,http://www.nscc.co.kr/,,,,unknown,4.6,4.6/10,91,,high,true,"골프장명·주소(시/군/구) 일치, phone/homepage/price 후보 수집; homepage ambiguous; naver reservation price not found; difficulty: 4.6/10; naver reservation price not found — price fields left empty",https://search.naver.com/search.naver?where=nexearch&query=%EB%82%A8%EC%84%9C%EC%9A%B8%EC%BB%A8%ED%8A%B8%EB%A6%AC%ED%81%B4%EB%9F%BD,2026-06-19T07:40:35.061Z
gc-fa1419df8b1e,남춘천컨트리클럽,춘천시 신동면 오봉길 156,남춘천컨트리클럽,original,남춘천컨트리클럽 | 남춘천CC | 남춘천C.C | 남춘천컨트리클럽 네이버 | 남춘천컨트리클럽 그린피 | 남춘천컨트리클럽 네이버 예약 | 남춘천컨트리클럽 춘천시,남춘천컨트리클럽,naver_scrape,남춘천CC,강원 춘천시 신동면 오봉길 156,033-269-3000,http://www.namchuncheon.co.kr/,,,,unknown,9.3,9.3/10,94,,high,true,"골프장명·주소(시/군/구) 일치, phone/homepage/price 후보 수집; homepage ambiguous; naver reservation price not found; difficulty: 9.3/10; naver reservation price not found — price fields left empty",https://search.naver.com/search.naver?where=nexearch&query=%EB%82%A8%EC%B6%98%EC%B2%9C%EC%BB%A8%ED%8A%B8%EB%A6%AC%ED%81%B4%EB%9F%BD,2026-06-19T07:24:14.100Z
gc-3b60b2dadb3f,뉴코리아 컨트리클럽,경기도 고양시 덕양구 신원2로 57,뉴코리아 컨트리클럽,original,뉴코리아 컨트리클럽 | 뉴코리아 CC | 뉴코리아 C.C | 뉴코리아 컨트리클럽 네이버 | 뉴코리아 컨트리클럽 그린피 | 뉴코리아 컨트리클럽 네이버 예약 | 뉴코리아 컨트리클럽 고양시,뉴코리아 컨트리클럽,naver_scrape,뉴코리아CC,경기 고양시 덕양구 신원2로 57,031-281-6613,http://www.newkoreacc.co.kr/,,,,unknown,3.2,3.2/10,90,,high,true,"골프장명·주소(시/군/구) 일치, phone/homepage/price 후보 수집; phone candidates: 3; homepage ambiguous; naver reservation price not found; difficulty: 3.2/10; naver reservation price not found — price fields left empty",https://search.naver.com/search.naver?where=nexearch&query=%EB%89%B4%EC%BD%94%EB%A6%AC%EC%95%84%20%EC%BB%A8%ED%8A%B8%EB%A6%AC%ED%81%B4%EB%9F%BD,2026-06-19T07:39:58.876Z
gc-56c3be8c5a61,더플레이어스 골프클럽,춘천시 동산면 새술막길 438,더플레이어스 골프클럽,original,더플레이어스 골프클럽 | 더플레이어스 GC | 더플레이어스 G.C | 더플레이어스 | 더플레이어스 골프클럽 네이버 | 더플레이어스 골프클럽 그린피 | 더플레이어스 골프클럽 네이버 예약 | 더플레이어스 골프클럽 춘천시,더플레이어스 골프클럽,naver_scrape,CLUBD - 클럽디 더플레이어스,"더플레이어스골프클럽 실내골프연습장. 주소: 강원도 춘천시 동산면 새술막길 438, 전화: 033-250-5000. 강원도 춘천시 위치, 지도 및 편의시설 정보를 확인하세요.",033-250-5000,https://www.clubd.com/theplayers/index.do,,,,unknown,,,,,high,true,"골프장명·주소(시/군/구) 일치, phone/homepage/price 후보 수집; phone candidates: 2; naver reservation price not found; naver reservation price not found — price fields left empty",https://search.naver.com/search.naver?where=nexearch&query=%EB%8D%94%ED%94%8C%EB%A0%88%EC%9D%B4%EC%96%B4%EC%8A%A4%20%EA%B3%A8%ED%94%84%ED%81%B4%EB%9F%BD,2026-06-19T07:24:37.642Z
gc-908385d35939,동강시스타 골프장,영월군 영월읍 사지막길 160,동강시스타 골프장,original,동강시스타 골프장 | 동강시스타 | 동강시스타 골프장 네이버 | 동강시스타 골프장 그린피 | 동강시스타 골프장 네이버 예약 | 동강시스타 골프장 영월군,동강시스타 골프장,naver_scrape,동강시스타CC,강원 영월군 영월읍 삼옥리 산135,033-905-2030,http://www.cistar.co.kr/,"네이버 예약: 80,000원; 150,000원; 160,000원",80000,160000,reservation_price,8.6,8.6/10,94,"네이버 예약: 80,000원; 150,000원; 160,000원",high,true,"골프장명·주소(시/군/구) 일치, phone/homepage/price 후보 수집; phone candidates: 2; homepage ambiguous; reservation prices: 3; difficulty: 8.6/10",https://search.naver.com/search.naver?where=nexearch&query=%EB%8F%99%EA%B0%95%EC%8B%9C%EC%8A%A4%ED%83%80%20%EA%B3%A8%ED%94%84%EC%9E%A5,2026-06-19T07:28:54.592Z
gc-3eb069c5fb2a,동서울레스피아,원주시 지정면 신평석화로 236,동서울레스피아,original,동서울레스피아 | 동서울레스피아 네이버 | 동서울레스피아 그린피 | 동서울레스피아 네이버 예약 | 동서울레스피아 원주시,동서울레스피아,naver_scrape,동서울레스피아,(우) 26358 강원도 원주시 신평석화로 236,031-595-5168,http://www.respia.com,,,,unknown,,,,,high,true,"골프장명·주소(시/군/구) 일치, phone/homepage/price 후보 수집; phone candidates: 4; naver reservation price not found; naver reservation price not found — price fields left empty",https://search.naver.com/search.naver?where=nexearch&query=%EB%8F%99%EC%84%9C%EC%9A%B8%EB%A0%88%EC%8A%A4%ED%94%BC%EC%95%84,2026-06-19T07:25:52.510Z
gc-e494f9e1ff69,동원썬밸리컨트리클럽,횡성군 서원면 서원서로339번길 90,동원썬밸리컨트리클럽,original,동원썬밸리컨트리클럽 | 동원썬밸리CC | 동원썬밸리C.C | 동원썬밸리컨트리클럽 네이버 | 동원썬밸리컨트리클럽 그린피 | 동원썬밸리컨트리클럽 네이버 예약 | 동원썬밸리컨트리클럽 횡성군,동원썬밸리컨트리클럽,naver_scrape,동원썬밸리CC,강원 횡성군 서원면 서원서로339번길 90 동원썬밸리CC,033-344-5308,https://www.sunvalley.co.kr/dongwon/golf/intro,,,,unknown,5.3,5.3/10,92,,high,true,"골프장명·주소(시/군/구) 일치, phone/homepage/price 후보 수집; homepage ambiguous; naver reservation price not found; difficulty: 5.3/10; naver reservation price not found — price fields left empty",https://search.naver.com/search.naver?where=nexearch&query=%EB%8F%99%EC%9B%90%EC%8D%AC%EB%B0%B8%EB%A6%AC%EC%BB%A8%ED%8A%B8%EB%A6%AC%ED%81%B4%EB%9F%BD,2026-06-19T07:28:11.231Z
gc-18f9f355721d,라데나골프클럽,춘천시 신동면 칠전동길 72,라데나골프클럽,original,라데나골프클럽 | 라데나GC | 라데나G.C | 라데나 | 라데나골프클럽 네이버 | 라데나골프클럽 그린피 | 라데나골프클럽 네이버 예약 | 라데나골프클럽 춘천시,라데나골프클럽,naver_scrape,라데나 골프클럽,강원 춘천시 신동면 칠전동길 72 라데나클럽,033-260-1114,https://www.ladena.co.kr,"네이버 예약: 250,000원; 270,000원",250000,270000,reservation_price,6.4,6.4/10,92,"네이버 예약: 250,000원; 270,000원",high,true,"골프장명·주소(시/군/구) 일치, phone/homepage/price 후보 수집; homepage ambiguous; reservation prices: 2; difficulty: 6.4/10",https://search.naver.com/search.naver?where=nexearch&query=%EB%9D%BC%EB%8D%B0%EB%82%98%EA%B3%A8%ED%94%84%ED%81%B4%EB%9F%BD,2026-06-19T07:23:55.521Z
gc-ee03e5ddbe9f,라비돌컨트리클럽,경기도 화성시 정남면 세자로 286,라비돌컨트리클럽,original,라비돌컨트리클럽 | 라비돌CC | 라비돌C.C | 라비돌컨트리클럽 네이버 | 라비돌컨트리클럽 그린피 | 라비돌컨트리클럽 네이버 예약 | 라비돌컨트리클럽 화성시,라비돌컨트리클럽,naver_scrape,라비돌CC,경기 화성시 정남면 세자로 286,031-352-4457,https://www.laviedor.com/la_cc1.asp,"네이버 예약: 140,000원; 145,000원",140000,145000,reservation_price,4.4,4.4/10,91,"네이버 예약: 140,000원; 145,000원",high,true,"골프장명·주소(시/군/구) 일치, phone/homepage/price 후보 수집; homepage ambiguous; reservation prices: 2; difficulty: 4.4/10",https://search.naver.com/search.naver?where=nexearch&query=%EB%9D%BC%EB%B9%84%EB%8F%8C%EC%BB%A8%ED%8A%B8%EB%A6%AC%ED%81%B4%EB%9F%BD,2026-06-19T07:41:03.955Z
gc-a78a36b9d428,라비에벨컨트리클럽,춘천시 동산면 종자리로 436,라비에벨컨트리클럽,original,라비에벨컨트리클럽 | 라비에벨CC | 라비에벨C.C | 라비에벨컨트리클럽 네이버 | 라비에벨컨트리클럽 그린피 | 라비에벨컨트리클럽 네이버 예약 | 라비에벨컨트리클럽 춘천시,라비에벨컨트리클럽,naver_scrape,라비에벨CC,강원 춘천시 동산면 종자리로 436 라비에벨 골프&리조트,033-245-7000,https://lavieestbellegolfnresort.com/default.asp,,,,unknown,,,18,,high,true,"골프장명·주소(시/군/구) 일치, phone/homepage/price 후보 수집; homepage ambiguous; naver reservation price not found; naver reservation price not found — price fields left empty",https://search.naver.com/search.naver?where=nexearch&query=%EB%9D%BC%EB%B9%84%EC%97%90%EB%B2%A8%EC%BB%A8%ED%8A%B8%EB%A6%AC%ED%81%B4%EB%9F%BD,2026-06-19T07:24:48.971Z
gc-e684f84c8fa4,레이크사이드CC(대중제),경기도 용인시 처인구 모현읍 능원로 181,레이크사이드CC(대중제),original,레이크사이드CC(대중제) | 레이크사이드CC | 레이크사이드CC 네이버 | 레이크사이드CC 그린피 | 레이크사이드CC 네이버 예약 | 레이크사이드CC 용인시,레이크사이드CC(대중제),naver_scrape,레이크사이드CC(대중제),레이크사이드cc 기본정보 위치 경기도 용인시 처인구 모현읍 능원로 181 모기업 삼성 규모 총 54홀 (회원제 18홀/대중제36홀) 삼성에서 운영하는 수도권 인기구장... ▼▼▼▼▼▼▼▼▼ #레이크사이드cc회원권 #,,,,,,unknown,,,,,high,true,"골프장명·주소(시/군/구) 일치, 추가 필드 수동 확인 필요; homepage not found; naver reservation price not found; naver reservation price not found — price fields left empty",https://search.naver.com/search.naver?where=nexearch&query=%EB%A0%88%EC%9D%B4%ED%81%AC%EC%82%AC%EC%9D%B4%EB%93%9CCC(%EB%8C%80%EC%A4%91%EC%A0%9C),2026-06-19T07:37:39.534Z
gc-588d348bc962,레이크사이드CC(회원제),경기도 용인시 처인구 모현읍 능원로 181,레이크사이드CC(회원제),original,레이크사이드CC(회원제) | 레이크사이드CC | 레이크사이드CC 네이버 | 레이크사이드CC 그린피 | 레이크사이드CC 네이버 예약 | 레이크사이드CC 용인시,레이크사이드CC(회원제),naver_scrape,레이크사이드CC(회원제),능원로 181지번능원리 산5-12,031-334-2111,,,,,unknown,,,,,medium,true,"이름 유사·phone/homepage/price 후보 있음, 주소 확인 약함; homepage not found; naver reservation price not found; naver reservation price not found — price fields left empty",https://search.naver.com/search.naver?where=nexearch&query=%EB%A0%88%EC%9D%B4%ED%81%AC%EC%82%AC%EC%9D%B4%EB%93%9CCC(%ED%9A%8C%EC%9B%90%EC%A0%9C),2026-06-19T07:37:45.100Z
gc-6b8298356e4e,로드힐스골프클럽,춘천시 동산면 종자리로 148-16,로드힐스골프클럽,original,로드힐스골프클럽 | 로드힐스GC | 로드힐스G.C | 로드힐스 | 로드힐스골프클럽 네이버 | 로드힐스골프클럽 그린피 | 로드힐스골프클럽 네이버 예약 | 로드힐스골프클럽 춘천시,로드힐스골프클럽,naver_scrape,로드힐스 골프 & 리조트,강원 춘천시 동산면 종자리로 136 로드힐스 골프&리조트,033-269-8888,https://lordhills.co.kr,,,,unknown,7.8,7.8/10,93,,high,true,"골프장명·주소(시/군/구) 일치, phone/homepage/price 후보 수집; homepage ambiguous; naver reservation price not found; difficulty: 7.8/10; naver reservation price not found — price fields left empty",https://search.naver.com/search.naver?where=nexearch&query=%EB%A1%9C%EB%93%9C%ED%9E%90%EC%8A%A4%EA%B3%A8%ED%94%84%ED%81%B4%EB%9F%BD,2026-06-19T07:24:43.310Z
gc-4731f8c98a6d,리베라컨트리클럽,경기도 화성시 중리길 183,리베라컨트리클럽,original,리베라컨트리클럽 | 리베라CC | 리베라C.C | 리베라컨트리클럽 네이버 | 리베라컨트리클럽 그린피 | 리베라컨트리클럽 네이버 예약 | 리베라컨트리클럽 화성시,리베라컨트리클럽,naver_scrape,리베라CC,경기 화성시 동탄구 중리길 183,031-8047-8000,https://www.shinangolf.com/,,,,unknown,3.8,3.8/10,91,,high,true,"골프장명·주소(시/군/구) 일치, phone/homepage/price 후보 수집; homepage ambiguous; naver reservation price not found; difficulty: 3.8/10; naver reservation price not found — price fields left empty",https://search.naver.com/search.naver?where=nexearch&query=%EB%A6%AC%EB%B2%A0%EB%9D%BC%EC%BB%A8%ED%8A%B8%EB%A6%AC%ED%81%B4%EB%9F%BD,2026-06-19T07:40:40.991Z
gc-c77232b99bd6,링크나인골프클럽,경기도 화성시 마도면 해운로630번길 49,링크나인골프클럽,original,링크나인골프클럽 | 링크나인GC | 링크나인G.C | 링크나인 | 링크나인골프클럽 네이버 | 링크나인골프클럽 그린피 | 링크나인골프클럽 네이버 예약 | 링크나인골프클럽 화성시,링크나인골프클럽,naver_scrape,링크나인GC,경기 화성시 마도면 해운로630번길 49,031-831-0900,http://www.linknine.co.kr/,,,,unknown,3.1,3.1/10,90,,high,true,"골프장명·주소(시/군/구) 일치, phone/homepage/price 후보 수집; homepage ambiguous; naver reservation price not found; difficulty: 3.1/10; naver reservation price not found — price fields left empty",https://search.naver.com/search.naver?where=nexearch&query=%EB%A7%81%ED%81%AC%EB%82%98%EC%9D%B8%EA%B3%A8%ED%94%84%ED%81%B4%EB%9F%BD,2026-06-19T07:41:21.319Z
gc-b768a2002431,메이플비치골프&리조트,강릉시 강동면 풍호길 300-78,메이플비치골프&리조트,original,메이플비치골프&리조트 | 메이플비치골프&리조트 네이버 | 메이플비치골프&리조트 그린피 | 메이플비치골프&리조트 네이버 예약 | 메이플비치골프&리조트 강릉시,메이플비치골프&리조트,naver_scrape,메이플비치골프&리조트,,033-650-0020,,,,,unknown,,,,,medium,true,"이름 유사·phone/homepage/price 후보 있음, 주소 확인 약함; phone candidates: 4; homepage not found; naver reservation price not found; naver reservation price not found — price fields left empty",https://search.naver.com/search.naver?where=nexearch&query=%EB%A9%94%EC%9D%B4%ED%94%8C%EB%B9%84%EC%B9%98%EA%B3%A8%ED%94%84%26%EB%A6%AC%EC%A1%B0%ED%8A%B8,2026-06-19T07:26:16.156Z
gc-2db2d6cad688,발리오스컨트리클럽(비회원제),경기도 화성시 팔탄면 3.1만세로 641-28,발리오스컨트리클럽(비회원제),original,발리오스컨트리클럽(비회원제) | 발리오스CC(비회원제) | 발리오스C.C(비회원제) | 발리오스컨트리클럽(비회원제) 네이버 | 발리오스컨트리클럽(비회원제) 그린피 | 발리오스컨트리클럽(비회원제) 네이버 예약 | 발리오스컨트리클럽(비회원제) 화성시,발리오스컨트리클럽(비회원제),naver_scrape,발리오스 컨트리클럽,경기도 화성시 팔탄면 3.1만세로 641-28,031-352-5061,,,,,unknown,,,,,high,true,"골프장명·주소(시/군/구) 일치, phone/homepage/price 후보 수집; phone candidates: 2; homepage not found; naver reservation price not found; naver reservation price not found — price fields left empty",https://search.naver.com/search.naver?where=nexearch&query=%EB%B0%9C%EB%A6%AC%EC%98%A4%EC%8A%A4%EC%BB%A8%ED%8A%B8%EB%A6%AC%ED%81%B4%EB%9F%BD(%EB%B9%84%ED%9A%8C%EC%9B%90%EC%A0%9C),2026-06-19T07:40:58.616Z
gc-ccb45b4f27e1,발리오스컨트리클럽(회원제),경기도 화성시 팔탄면 3.1만세로 641-28,발리오스컨트리클럽(회원제),original,발리오스컨트리클럽(회원제) | 발리오스컨트리클럽 | 발리오스CC(회원제) | 발리오스C.C(회원제) | 발리오스CC | 발리오스C.C | 발리오스컨트리클럽 네이버 | 발리오스컨트리클럽 그린피 | 발리오스컨트리클럽 네이버 예약 | 발리오스컨트리클럽 화성시,발리오스컨트리클럽(회원제),naver_scrape,발리오스 컨트리클럽,3.1만세로 641-28지번화당리 79-1,031-352-5061,,,,,unknown,,,,,medium,true,"이름 유사·phone/homepage/price 후보 있음, 주소 확인 약함; phone candidates: 2; homepage not found; naver reservation price not found; naver reservation price not found — price fields left empty",https://search.naver.com/search.naver?where=nexearch&query=%EB%B0%9C%EB%A6%AC%EC%98%A4%EC%8A%A4%EC%BB%A8%ED%8A%B8%EB%A6%AC%ED%81%B4%EB%9F%BD(%ED%9A%8C%EC%9B%90%EC%A0%9C),2026-06-19T07:40:53.129Z
gc-d7a401a860d3,베어크리크 춘천,춘천시 신동면 김유정로 730,베어크리크 춘천,original,베어크리크 춘천 | 베어크리크 춘천 네이버 | 베어크리크 춘천 그린피 | 베어크리크 춘천 네이버 예약 | 베어크리크 춘천 춘천시,베어크리크 춘천,naver_scrape,베어크리크 춘천,강원 춘천시 신동면 김유정로 730 베어크리크 춘천,1899-0115,https://www.bearcreek.co.kr/,,,,unknown,,,,,high,true,"골프장명·주소(시/군/구) 일치, phone/homepage/price 후보 수집; homepage ambiguous; naver reservation price not found; naver reservation price not found — price fields left empty",https://search.naver.com/search.naver?where=nexearch&query=%EB%B2%A0%EC%96%B4%ED%81%AC%EB%A6%AC%ED%81%AC%20%EC%B6%98%EC%B2%9C,2026-06-19T07:24:54.737Z
gc-fac50b03683e,벨라45 오너스 컨트리클럽,횡성군 서원면 창촌리 산132,벨라45 오너스 컨트리클럽,original,벨라45 오너스 컨트리클럽 | 벨라45 오너스 CC | 벨라45 오너스 C.C | 벨라45 오너스 컨트리클럽 네이버 | 벨라45 오너스 컨트리클럽 그린피 | 벨라45 오너스 컨트리클럽 네이버 예약 | 벨라45 오너스 컨트리클럽 횡성군,벨라45 오너스 컨트리클럽,naver_scrape,벨라45오너스컨트리클럽,"강원특별자치도 횡성군 서원면 서원남로 80-0에 위치한 벨라45 오너스 컨트리클럽의 상세 정보. 시설 면적, 운영 형태, 위치 정보를 확인하세요.",02-0120-2400,,,,,unknown,,,,,high,true,"골프장명·주소(시/군/구) 일치, phone/homepage/price 후보 수집; homepage not found; naver reservation price not found; naver reservation price not found — price fields left empty",https://search.naver.com/search.naver?where=nexearch&query=%EB%B2%A8%EB%9D%BC45%20%EC%98%A4%EB%84%88%EC%8A%A4%20%EC%BB%A8%ED%8A%B8%EB%A6%AC%ED%81%B4%EB%9F%BD,2026-06-19T07:28:42.894Z
gc-a09581c58781,벨라45마스터스 컨트리클럽,횡성군 서원면 창촌리 산124,벨라45마스터스 컨트리클럽,original,벨라45마스터스 컨트리클럽 | 벨라45마스터스 CC | 벨라45마스터스 C.C | 벨라45마스터스 컨트리클럽 네이버 | 벨라45마스터스 컨트리클럽 그린피 | 벨라45마스터스 컨트리클럽 네이버 예약 | 벨라45마스터스 컨트리클럽 횡성군,벨라45마스터스 컨트리클럽,naver_scrape,벨라45마스터스컨트리클럽,"강원특별자치도 횡성군 서원면 서원남로 80-0에 위치한 벨라45 마스터스 컨트리클럽의 상세 정보. 시설 면적, 운영 형태, 위치 정보를 확인하세요.",02-0120-2400,http://www.bella45.com,,,,unknown,,,,,high,true,"골프장명·주소(시/군/구) 일치, phone/homepage/price 후보 수집; naver reservation price not found; naver reservation price not found — price fields left empty",https://search.naver.com/search.naver?where=nexearch&query=%EB%B2%A8%EB%9D%BC45%EB%A7%88%EC%8A%A4%ED%84%B0%EC%8A%A4%20%EC%BB%A8%ED%8A%B8%EB%A6%AC%ED%81%B4%EB%9F%BD,2026-06-19T07:28:48.807Z
gc-43114c6913bc,벨라스톤컨트리클럽,횡성군 서원면 옥계9길 124,벨라스톤컨트리클럽,original,벨라스톤컨트리클럽 | 벨라스톤CC | 벨라스톤C.C | 벨라스톤컨트리클럽 네이버 | 벨라스톤컨트리클럽 그린피 | 벨라스톤컨트리클럽 네이버 예약 | 벨라스톤컨트리클럽 횡성군,벨라스톤컨트리클럽,naver_scrape,벨라스톤컨트리클럽,강원 횡성군 서원면 옥계9길 124,033-340-9000,http://www.bellastonecc.com/,"네이버 예약: 149,000원; 169,000원; 174,000원; 179,000원; 189,000원",149000,189000,reservation_price,7,7/10,93,"네이버 예약: 149,000원; 169,000원; 174,000원; 179,000원; 189,000원",high,true,"골프장명·주소(시/군/구) 일치, phone/homepage/price 후보 수집; phone candidates: 2; homepage ambiguous; reservation prices: 5; difficulty: 7/10",https://search.naver.com/search.naver?where=nexearch&query=%EB%B2%A8%EB%9D%BC%EC%8A%A4%ED%86%A4%EC%BB%A8%ED%8A%B8%EB%A6%AC%ED%81%B4%EB%9F%BD,2026-06-19T07:28:26.086Z
gc-788ff880fb4f,블랙밸리컨트리클럽,삼척시 도계읍 도상로 307-84,블랙밸리컨트리클럽,original,블랙밸리컨트리클럽 | 블랙밸리CC | 블랙밸리C.C | 블랙밸리컨트리클럽 네이버 | 블랙밸리컨트리클럽 그린피 | 블랙밸리컨트리클럽 네이버 예약 | 블랙밸리컨트리클럽 삼척시,블랙밸리컨트리클럽,naver_scrape,블랙밸리CC,강원 삼척시 도계읍 도상로 307-84,033-540-5300,http://www.blackcc.co.kr/,"네이버 예약: 90,000원; 130,000원",90000,130000,reservation_price,8.9,8.9/10,94,"네이버 예약: 90,000원; 130,000원",high,true,"골프장명·주소(시/군/구) 일치, phone/homepage/price 후보 수집; phone candidates: 2; homepage ambiguous; reservation prices: 2; difficulty: 8.9/10",https://search.naver.com/search.naver?where=nexearch&query=%EB%B8%94%EB%9E%99%EB%B0%B8%EB%A6%AC%EC%BB%A8%ED%8A%B8%EB%A6%AC%ED%81%B4%EB%9F%BD,2026-06-19T07:26:53.332Z
gc-2ef4e18d677b,블루원용인CC(비회원제),경기도 용인시 처인구 원삼면 보개원삼로 1534번길 40,블루원용인CC(비회원제),original,블루원용인CC(비회원제) | 블루원용인CC(비회원제) 네이버 | 블루원용인CC(비회원제) 그린피 | 블루원용인CC(비회원제) 네이버 예약 | 블루원용인CC(비회원제) 용인시,블루원용인CC(비회원제),naver_scrape,블루원용인CC(비회원제),"경기도 용인시 처인구 원삼면 보개원삼로1534번길 40에 위치한 블루원용인CC(비회원제)의 상세 정보. 시설 면적, 운영 형태, 위치 정보를 확인하세요.",02-0119-9300,,,,,unknown,,,,,high,true,"골프장명·주소(시/군/구) 일치, phone/homepage/price 후보 수집; homepage not found; naver reservation price not found; naver reservation price not found — price fields left empty",https://search.naver.com/search.naver?where=nexearch&query=%EB%B8%94%EB%A3%A8%EC%9B%90%EC%9A%A9%EC%9D%B8CC(%EB%B9%84%ED%9A%8C%EC%9B%90%EC%A0%9C),2026-06-19T07:38:21.320Z
gc-0c833ff6d95f,블루원용인CC(회원제),경기도 용인시 처인구 원삼면 보개원삼로 1534번길 40,블루원용인CC(회원제),original,블루원용인CC(회원제) | 블루원용인CC | 블루원용인CC 네이버 | 블루원용인CC 그린피 | 블루원용인CC 네이버 예약 | 블루원용인CC 용인시,블루원용인CC(회원제),naver_scrape,블루원용인CC(회원제),보개원삼로1534번길 40 ClubHouse지번목신리 356-10,,,,,,unknown,,,,,medium,true,"이름 유사, 주소·후보 필드 확인 필요; homepage not found; naver reservation price not found; naver reservation price not found — price fields left empty",https://search.naver.com/search.naver?where=nexearch&query=%EB%B8%94%EB%A3%A8%EC%9B%90%EC%9A%A9%EC%9D%B8CC(%ED%9A%8C%EC%9B%90%EC%A0%9C),2026-06-19T07:38:15.705Z
gc-7471c8142b1e,비전힐스CC,경기도 남양주시 화도읍 마치로 226-220,비전힐스CC,original,비전힐스CC | 비전힐스CC 네이버 | 비전힐스CC 그린피 | 비전힐스CC 네이버 예약 | 비전힐스CC 남양주시,비전힐스CC,naver_scrape,비전힐스,경기 남양주시 화도읍 마치로 226-220,031-595-3355,http://www.visionhillscc.co.kr/,,,,unknown,3.8,3.8/10,91,,high,true,"골프장명·주소(시/군/구) 일치, phone/homepage/price 후보 수집; phone candidates: 3; homepage ambiguous; naver reservation price not found; difficulty: 3.8/10; naver reservation price not found — price fields left empty",https://search.naver.com/search.naver?where=nexearch&query=%EB%B9%84%EC%A0%84%ED%9E%90%EC%8A%A4CC,2026-06-19T07:41:43.779Z
gc-3447dbe87ddc,비콘힐스골프클럽,홍천군 홍천읍 높은터로 533,비콘힐스골프클럽,original,비콘힐스골프클럽 | 비콘힐스GC | 비콘힐스G.C | 비콘힐스 | 비콘힐스골프클럽 네이버 | 비콘힐스골프클럽 그린피 | 비콘힐스골프클럽 네이버 예약 | 비콘힐스골프클럽 홍천군,비콘힐스골프클럽,naver_scrape,비콘힐스골프클럽,강원 홍천군 홍천읍 높은터로 533,033-439-5114,http://www.beaconhills.co.kr/,"네이버 예약: 135,000원; 145,000원; 155,000원",135000,155000,reservation_price,7.8,7.8/10,93,"네이버 예약: 135,000원; 145,000원; 155,000원",high,true,"골프장명·주소(시/군/구) 일치, phone/homepage/price 후보 수집; homepage ambiguous; reservation prices: 3; difficulty: 7.8/10",https://search.naver.com/search.naver?where=nexearch&query=%EB%B9%84%EC%BD%98%ED%9E%90%EC%8A%A4%EA%B3%A8%ED%94%84%ED%81%B4%EB%9F%BD,2026-06-19T07:27:16.783Z
gc-076abf5ece38,샌드파인골프클럽,강릉시 저동등길 53(저동),샌드파인골프클럽,original,샌드파인골프클럽 | 샌드파인GC | 샌드파인G.C | 샌드파인 | 샌드파인골프클럽 네이버 | 샌드파인골프클럽 그린피 | 샌드파인골프클럽 네이버 예약 | 샌드파인골프클럽 강릉시,샌드파인골프클럽,naver_scrape,샌드파인GC,강원 강릉시 저동등길 53,1644-3001,https://www.lakaisandpine.co.kr/golf,,,,unknown,6.8,6.8/10,92,,high,true,"골프장명·주소(시/군/구) 일치, phone/homepage/price 후보 수집; homepage ambiguous; naver reservation price not found; difficulty: 6.8/10; naver reservation price not found — price fields left empty",https://search.naver.com/search.naver?where=nexearch&query=%EC%83%8C%EB%93%9C%ED%8C%8C%EC%9D%B8%EA%B3%A8%ED%94%84%ED%81%B4%EB%9F%BD,2026-06-19T07:26:10.095Z
gc-690b34d2b582,샤인데일골프&리조트,홍천군 서면 한서로 247-156,샤인데일골프&리조트,original,샤인데일골프&리조트 | 샤인데일골프&리조트 네이버 | 샤인데일골프&리조트 그린피 | 샤인데일골프&리조트 네이버 예약 | 샤인데일골프&리조트 홍천군,샤인데일골프&리조트,naver_scrape,샤인데일골프&리조트,강원 홍천군 서면 한서로 247-156,033-430-1000,http://www.shinedale.com/,"네이버 예약: 160,000원; 210,000원",160000,210000,reservation_price,8.7,8.7/10,94,"네이버 예약: 160,000원; 210,000원",high,true,"골프장명·주소(시/군/구) 일치, phone/homepage/price 후보 수집; homepage ambiguous; reservation prices: 2; difficulty: 8.7/10",https://search.naver.com/search.naver?where=nexearch&query=%EC%83%A4%EC%9D%B8%EB%8D%B0%EC%9D%BC%EA%B3%A8%ED%94%84%26%EB%A6%AC%EC%A1%B0%ED%8A%B8,2026-06-19T07:27:45.150Z
gc-fc0e80550b95,석천CC,경기도 용인시 처인구 백암면 황새울로 255,석천CC 용인시,city,석천CC | 석천CC 네이버 | 석천CC 그린피 | 석천CC 네이버 예약 | 석천CC 용인시,석천CC 용인시,naver_scrape,용인CC 석천코스,2025.01.05.석천CC (대중제) 상세 정보입니다. 경기도 용인시 처인구 백암면 황새울로 255 위치입니다. 경기도 용인시 처인구 백암면 황새울로 255,031-332-3323,https://naver.me/5huOa2Hn,,,,unknown,,,,,high,true,"골프장명·주소(시/군/구) 일치, phone/homepage/price 후보 수집; phone candidates: 2; naver reservation price not found; naver reservation price not found — price fields left empty",https://search.naver.com/search.naver?where=nexearch&query=%EC%84%9D%EC%B2%9CCC%20%EC%9A%A9%EC%9D%B8%EC%8B%9C,2026-06-19T07:39:22.073Z
gc-af74a0cb154f,설악썬밸리컨트리클럽,고성군 죽왕면 순포로 188,설악썬밸리컨트리클럽,original,설악썬밸리컨트리클럽 | 설악썬밸리CC | 설악썬밸리C.C | 설악썬밸리컨트리클럽 네이버 | 설악썬밸리컨트리클럽 그린피 | 설악썬밸리컨트리클럽 네이버 예약 | 설악썬밸리컨트리클럽 고성군,설악썬밸리컨트리클럽,naver_scrape,설악썬밸리컨트리클럽,강원 고성군 죽왕면 삼포리 산134,033-638-5362,https://www.sunvalley.co.kr/seorak/golf/intro,,,,unknown,2.9,2.9/10,90,,high,true,"골프장명·주소(시/군/구) 일치, phone/homepage/price 후보 수집; phone candidates: 3; homepage ambiguous; naver reservation price not found; difficulty: 2.9/10; naver reservation price not found — price fields left empty",https://search.naver.com/search.naver?where=nexearch&query=%EC%84%A4%EC%95%85%EC%8D%AC%EB%B0%B8%EB%A6%AC%EC%BB%A8%ED%8A%B8%EB%A6%AC%ED%81%B4%EB%9F%BD,2026-06-19T07:29:56.940Z
gc-716535d8799a,설악프라자컨트리클럽,속초시 미시령로2983번길 56-20,설악프라자컨트리클럽,original,설악프라자컨트리클럽 | 설악프라자CC | 설악프라자C.C | 설악프라자컨트리클럽 네이버 | 설악프라자컨트리클럽 그린피 | 설악프라자컨트리클럽 네이버 예약 | 설악프라자컨트리클럽 속초시,설악프라자컨트리클럽,naver_scrape,설악프라자컨트리클럽,강원 속초시 미시령로2983번길 111,033-630-5511,https://www.plazacc.co.kr/,"네이버 예약: 168,000원",168000,168000,reservation_price,8.4,8.4/10,93,"네이버 예약: 168,000원",high,true,"골프장명·주소(시/군/구) 일치, phone/homepage/price 후보 수집; phone candidates: 2; homepage ambiguous; reservation prices: 1; difficulty: 8.4/10",https://search.naver.com/search.naver?where=nexearch&query=%EC%84%A4%EC%95%85%ED%94%84%EB%9D%BC%EC%9E%90%EC%BB%A8%ED%8A%B8%EB%A6%AC%ED%81%B4%EB%9F%BD,2026-06-19T07:26:34.218Z
gc-67d0f65e6b2d,설해원더 레전드 코스,양양군 손양면 공항로 230,설해원더 레전드 코스,original,설해원더 레전드 코스 | 설해원더 레전드 코스 네이버 | 설해원더 레전드 코스 그린피 | 설해원더 레전드 코스 네이버 예약 | 설해원더 레전드 코스 양양군,설해원더 레전드 코스,naver_scrape,설해원 더 레전드 코스,"양양군 '설해원 더 레전드 코스' 정보마켓 > 골프장 강원특별자치도 양양군 손양면 공항로 230-0 (설해원) , NGII , NGII 업종 : 등록체육시설업 © NAVER Corp. 설해원 더 레전드 코스의 정보를",,,,,,unknown,,,,,high,true,"골프장명·주소(시/군/구) 일치, 추가 필드 수동 확인 필요; homepage not found; naver reservation price not found; naver reservation price not found — price fields left empty",https://search.naver.com/search.naver?where=nexearch&query=%EC%84%A4%ED%95%B4%EC%9B%90%EB%8D%94%20%EB%A0%88%EC%A0%84%EB%93%9C%20%EC%BD%94%EC%8A%A4,2026-06-19T07:36:28.414Z
gc-3b9faaf01e87,성문안 컨트리클럽,원주시 지정면 월송석화로 431,성문안 컨트리클럽,original,성문안 컨트리클럽 | 성문안 CC | 성문안 C.C | 성문안 컨트리클럽 네이버 | 성문안 컨트리클럽 그린피 | 성문안 컨트리클럽 네이버 예약 | 성문안 컨트리클럽 원주시,성문안 컨트리클럽,naver_scrape,성문안컨트리클럽,"성문안컨트리클럽 골프장. 주소: 강원도 원주시 지정면 월송석화로 431, 전화: 1588-7676. 강원도 원주시 위치, 지도 및 편의시설 정보를 확인하세요.",033-769-7330,https://www.ittimes.com/news/articleView.html?idxno=85149,,,,unknown,,,,,high,true,"골프장명·주소(시/군/구) 일치, phone/homepage/price 후보 수집; phone candidates: 2; naver reservation price not found; naver reservation price not found — price fields left empty",https://search.naver.com/search.naver?where=nexearch&query=%EC%84%B1%EB%AC%B8%EC%95%88%20%EC%BB%A8%ED%8A%B8%EB%A6%AC%ED%81%B4%EB%9F%BD,2026-06-19T07:25:19.809Z
gc-8322ca96ec3b,세이지우드CC홍천,홍천군 두촌면 광석로 898-160,세이지우드CC홍천,original,세이지우드CC홍천 | 세이지우드CC홍천 네이버 | 세이지우드CC홍천 그린피 | 세이지우드CC홍천 네이버 예약 | 세이지우드CC홍천 홍천군,세이지우드CC홍천,naver_scrape,세이지우드CC 홍천,강원 홍천군 두촌면 광석로 898-160,033-439-1000,https://www.sagewood.co.kr/hongcheon/main,,,,unknown,8.3,8.3/10,93,,high,true,"골프장명·주소(시/군/구) 일치, phone/homepage/price 후보 수집; homepage ambiguous; naver reservation price not found; difficulty: 8.3/10; naver reservation price not found — price fields left empty",https://search.naver.com/search.naver?where=nexearch&query=%EC%84%B8%EC%9D%B4%EC%A7%80%EC%9A%B0%EB%93%9CCC%ED%99%8D%EC%B2%9C,2026-06-19T07:27:38.850Z
gc-af63c289d999,세현CC,경기도 용인시 처인구 이동읍 백자로 450,세현CC,original,세현CC | 세현CC 네이버 | 세현CC 그린피 | 세현CC 네이버 예약 | 세현CC 용인시,세현CC,naver_scrape,세현 컨트리클럽,경기 용인시 처인구 이동읍 백자로 450,031-670-8800,https://www.sehyeoncc.com,"네이버 예약: 170,000원; 210,000원; 280,000원",170000,280000,reservation_price,9.1,9.1/10,94,"네이버 예약: 170,000원; 210,000원; 280,000원",high,true,"골프장명·주소(시/군/구) 일치, phone/homepage/price 후보 수집; homepage ambiguous; reservation prices: 3; difficulty: 9.1/10",https://search.naver.com/search.naver?where=nexearch&query=%EC%84%B8%ED%98%84CC,2026-06-19T07:39:47.393Z
gc-920a66bac706,센추리21컨트리클럽,원주시 문막읍 궁말길 193,센추리21컨트리클럽,original,센추리21컨트리클럽 | 센추리21CC | 센추리21C.C | 센추리21컨트리클럽 네이버 | 센추리21컨트리클럽 그린피 | 센추리21컨트리클럽 네이버 예약 | 센추리21컨트리클럽 원주시,센추리21컨트리클럽,naver_scrape,센추리21 컨트리클럽,강원 원주시 문막읍 궁말길 193,033-733-1000,http://www.century21cc.co.kr/,,,,unknown,2.4,2.4/10,90,,high,true,"골프장명·주소(시/군/구) 일치, phone/homepage/price 후보 수집; homepage ambiguous; naver reservation price not found; difficulty: 2.4/10; naver reservation price not found — price fields left empty",https://search.naver.com/search.naver?where=nexearch&query=%EC%84%BC%EC%B6%94%EB%A6%AC21%EC%BB%A8%ED%8A%B8%EB%A6%AC%ED%81%B4%EB%9F%BD,2026-06-19T07:25:25.352Z
gc-120fdf5098ca,센추리21컨트리클럽Ⅱ,원주시 문막읍 궁말길 193,센추리21컨트리클럽Ⅱ,original,센추리21컨트리클럽Ⅱ | 센추리21CCⅡ | 센추리21C.CⅡ | 센추리21컨트리클럽Ⅱ 네이버 | 센추리21컨트리클럽Ⅱ 그린피 | 센추리21컨트리클럽Ⅱ 네이버 예약 | 센추리21컨트리클럽Ⅱ 원주시,센추리21컨트리클럽Ⅱ,naver_scrape,센추리21컨트리클럽Ⅱ,"강원특별자치도 원주시 문막읍 궁말길 193에 위치한 센추리21컨트리클럽의 상세 정보. 시설 면적, 운영 형태, 위치 정보를 확인하세요.",,,,,,unknown,,,,,high,true,"골프장명·주소(시/군/구) 일치, 추가 필드 수동 확인 필요; homepage not found; naver reservation price not found; naver reservation price not found — price fields left empty",https://search.naver.com/search.naver?where=nexearch&query=%EC%84%BC%EC%B6%94%EB%A6%AC21%EC%BB%A8%ED%8A%B8%EB%A6%AC%ED%81%B4%EB%9F%BD%E2%85%A1,2026-06-19T07:25:31.366Z
gc-d2426892b3a5,센추리21퍼블릭,원주시 문막읍 궁말길 193,센추리21퍼블릭 그린피,green_fee,센추리21퍼블릭 | 센추리21퍼블릭 네이버 | 센추리21퍼블릭 그린피 | 센추리21퍼블릭 네이버 예약 | 센추리21퍼블릭 원주시,센추리21퍼블릭 그린피,naver_scrape,센추리21퍼블릭그린피,(1) 골프장 기본정보 운영사 : 센추리개발(주) 개장일 : 2003년 코스 규모 : 45홀 (회원제 18홀+퍼블릭 27홀) 위치 : 강원도 원주시 궁말길 193 회원 수 : 590명 센추리21cc는 회원제와 퍼블릭,,,,,,unknown,,,,,high,true,"골프장명·주소(시/군/구) 일치, 추가 필드 수동 확인 필요; homepage not found; naver reservation price not found; naver reservation price not found — price fields left empty",https://search.naver.com/search.naver?where=nexearch&query=%EC%84%BC%EC%B6%94%EB%A6%AC21%ED%8D%BC%EB%B8%94%EB%A6%AD%20%EA%B7%B8%EB%A6%B0%ED%94%BC,2026-06-19T07:25:36.864Z
gc-da4ac7ff9f91,소노펠리체 컨트리클럽 델피노,고성군 토성면 미시령옛길 1153,소노펠리체 컨트리클럽 델피노,original,소노펠리체 컨트리클럽 델피노 | 소노펠리체 CC 델피노 | 소노펠리체 C.C 델피노 | 소노펠리체 컨트리클럽 델피노 네이버 | 소노펠리체 컨트리클럽 델피노 그린피 | 소노펠리체 컨트리클럽 델피노 네이버 예약 | 소노펠리체 컨트리클럽 델피노 고성군,소노펠리체 컨트리클럽 델피노,naver_scrape,소노펠리체CC 델피노,강원 고성군 토성면 미시령옛길 1153 소노펠리체CC 델피노,033-1644-0063,http://www.sonofelicecc.com/dp,"네이버 예약: 168,000원; 182,000원; 189,000원",168000,189000,reservation_price,7.7,7.7/10,93,"네이버 예약: 168,000원; 182,000원; 189,000원",high,true,"골프장명·주소(시/군/구) 일치, phone/homepage/price 후보 수집; homepage ambiguous; reservation prices: 3; difficulty: 7.7/10",https://search.naver.com/search.naver?where=nexearch&query=%EC%86%8C%EB%85%B8%ED%8E%A0%EB%A6%AC%EC%B2%B4%20%EC%BB%A8%ED%8A%B8%EB%A6%AC%ED%81%B4%EB%9F%BD%20%EB%8D%B8%ED%94%BC%EB%85%B8,2026-06-19T07:30:03.073Z
gc-56adaea8c265,소노펠리체 컨트리클럽 비발디파크 마운틴,홍천군 서면 한치골길 264,소노펠리체 컨트리클럽 비발디파크 마운틴,original,소노펠리체 컨트리클럽 비발디파크 마운틴 | 소노펠리체 CC 비발디파크 마운틴 | 소노펠리체 C.C 비발디파크 마운틴 | 소노펠리체 컨트리클럽 비발디파크 마운틴 네이버 | 소노펠리체 컨트리클럽 비발디파크 마운틴 그린피 | 소노펠리체 컨트리클럽 비발디파크 마운틴 네이버 예약 | 소노펠리체 컨트리클럽 비발디파크 마운틴 홍천군,소노펠리체 컨트리클럽 비발디파크 마운틴,naver_scrape,소노펠리체컨트리클럽비발디파크마운틴,,,,,,,unknown,,,,,medium,true,"이름 유사, 주소·후보 필드 확인 필요; homepage not found; naver reservation price not found; naver reservation price not found — price fields left empty",https://search.naver.com/search.naver?where=nexearch&query=%EC%86%8C%EB%85%B8%ED%8E%A0%EB%A6%AC%EC%B2%B4%20%EC%BB%A8%ED%8A%B8%EB%A6%AC%ED%81%B4%EB%9F%BD%20%EB%B9%84%EB%B0%9C%EB%94%94%ED%8C%8C%ED%81%AC%20%EB%A7%88%EC%9A%B4%ED%8B%B4,2026-06-19T07:27:05.369Z
gc-e9127c84ddf1,소노펠리체 컨트리클럽 비발디파크 웨스트,홍천군 서면 한치골길 200,소노펠리체 컨트리클럽 비발디파크 웨스트,original,소노펠리체 컨트리클럽 비발디파크 웨스트 | 소노펠리체 CC 비발디파크 웨스트 | 소노펠리체 C.C 비발디파크 웨스트 | 소노펠리체 컨트리클럽 비발디파크 웨스트 네이버 | 소노펠리체 컨트리클럽 비발디파크 웨스트 그린피 | 소노펠리체 컨트리클럽 비발디파크 웨스트 네이버 예약 | 소노펠리체 컨트리클럽 비발디파크 웨스트 홍천군,소노펠리체 컨트리클럽 비발디파크 웨스트,naver_scrape,소노펠리체컨트리클럽비발디파크웨스트,"강원특별자치도 홍천군 서면 한치골길 200에 위치한 소노펠리체 컨트리클럽 비발디파크 웨스트의 상세 정보. 시설 면적, 운영 형태, 위치 정보를 확인하세요.",,,,,,unknown,,,,,high,true,"골프장명·주소(시/군/구) 일치, 추가 필드 수동 확인 필요; homepage not found; naver reservation price not found; naver reservation price not found — price fields left empty",https://search.naver.com/search.naver?where=nexearch&query=%EC%86%8C%EB%85%B8%ED%8E%A0%EB%A6%AC%EC%B2%B4%20%EC%BB%A8%ED%8A%B8%EB%A6%AC%ED%81%B4%EB%9F%BD%20%EB%B9%84%EB%B0%9C%EB%94%94%ED%8C%8C%ED%81%AC%20%EC%9B%A8%EC%8A%A4%ED%8A%B8,2026-06-19T07:26:59.700Z
gc-ae905ec6b25f,소노펠리체 컨트리클럽 비발디파크 이스트,홍천군 서면 한치골길 541-123,소노펠리체 컨트리클럽 비발디파크 이스트,original,소노펠리체 컨트리클럽 비발디파크 이스트 | 소노펠리체 CC 비발디파크 이스트 | 소노펠리체 C.C 비발디파크 이스트 | 소노펠리체 컨트리클럽 비발디파크 이스트 네이버 | 소노펠리체 컨트리클럽 비발디파크 이스트 그린피 | 소노펠리체 컨트리클럽 비발디파크 이스트 네이버 예약 | 소노펠리체 컨트리클럽 비발디파크 이스트 홍천군,소노펠리체 컨트리클럽 비발디파크 이스트,naver_scrape,소노펠리체컨트리클럽비발디파크이스트,,,https://www.sonofelicecc.com/sn/,,,,unknown,,,,,medium,true,"이름 유사·phone/homepage/price 후보 있음, 주소 확인 약함; naver reservation price not found; naver reservation price not found — price fields left empty",https://search.naver.com/search.naver?where=nexearch&query=%EC%86%8C%EB%85%B8%ED%8E%A0%EB%A6%AC%EC%B2%B4%20%EC%BB%A8%ED%8A%B8%EB%A6%AC%ED%81%B4%EB%9F%BD%20%EB%B9%84%EB%B0%9C%EB%94%94%ED%8C%8C%ED%81%AC%20%EC%9D%B4%EC%8A%A4%ED%8A%B8,2026-06-19T07:27:11.098Z
gc-38b838344176,수원컨트리클럽,경기도 용인시 기흥구 중부대로 495,수원컨트리클럽,original,수원컨트리클럽 | 수원CC | 수원C.C | 수원컨트리클럽 네이버 | 수원컨트리클럽 그린피 | 수원컨트리클럽 네이버 예약 | 수원컨트리클럽 용인시,수원컨트리클럽,naver_scrape,수원cc,경기 용인시 기흥구 중부대로 495 수원컨트리클럽,031-281-6613,http://www.suwoncc.co.kr,,,,unknown,4.2,4.2/10,91,,high,true,"골프장명·주소(시/군/구) 일치, phone/homepage/price 후보 수집; homepage ambiguous; naver reservation price not found; difficulty: 4.2/10; naver reservation price not found — price fields left empty",https://search.naver.com/search.naver?where=nexearch&query=%EC%88%98%EC%9B%90%EC%BB%A8%ED%8A%B8%EB%A6%AC%ED%81%B4%EB%9F%BD,2026-06-19T07:36:48.656Z
gc-a53c3fecd592,신원CC,경기도 용인시 이동읍 이원로 225,신원CC,original,신원CC | 신원CC 네이버 | 신원CC 그린피 | 신원CC 네이버 예약 | 신원CC 용인시,신원CC,naver_scrape,신원CC,경기 용인시 처인구 이동읍 이원로 225,031-333-1800,http://www.swcc.co.kr/,,,,unknown,3.4,3.4/10,90,,high,true,"골프장명·주소(시/군/구) 일치, phone/homepage/price 후보 수집; homepage ambiguous; naver reservation price not found; difficulty: 3.4/10; naver reservation price not found — price fields left empty",https://search.naver.com/search.naver?where=nexearch&query=%EC%8B%A0%EC%9B%90CC,2026-06-19T07:37:56.426Z
gc-c45d3f5d316d,써닝포인트 컨트리클럽,경기도 용인시 처인구 백암면 고안로 51번길 205,써닝포인트 컨트리클럽,original,써닝포인트 컨트리클럽 | 써닝포인트 CC | 써닝포인트 C.C | 써닝포인트 컨트리클럽 네이버 | 써닝포인트 컨트리클럽 그린피 | 써닝포인트 컨트리클럽 네이버 예약 | 써닝포인트 컨트리클럽 용인시,써닝포인트 컨트리클럽,naver_scrape,써닝포인트CC,경기 용인시 처인구 백암면 고안로51번길 205,031-329-0800,http://www.sunningpoint.com/,"네이버 예약: 195,000원; 225,000원; 265,000원; 275,000원",195000,275000,reservation_price,6.4,6.4/10,92,"네이버 예약: 195,000원; 225,000원; 265,000원; 275,000원",high,true,"골프장명·주소(시/군/구) 일치, phone/homepage/price 후보 수집; phone candidates: 2; homepage ambiguous; reservation prices: 4; difficulty: 6.4/10",https://search.naver.com/search.naver?where=nexearch&query=%EC%8D%A8%EB%8B%9D%ED%8F%AC%EC%9D%B8%ED%8A%B8%20%EC%BB%A8%ED%8A%B8%EB%A6%AC%ED%81%B4%EB%9F%BD,2026-06-19T07:39:35.343Z
gc-25de9ff08a30,아시아나컨트리클럽,경기도 용인시 처인구 양지면 양대로 290,아시아나컨트리클럽,original,아시아나컨트리클럽 | 아시아나CC | 아시아나C.C | 아시아나컨트리클럽 네이버 | 아시아나컨트리클럽 그린피 | 아시아나컨트리클럽 네이버 예약 | 아시아나컨트리클럽 용인시,아시아나컨트리클럽,naver_scrape,아시아나CC,경기 용인시 처인구 양지읍 양대로 290,031-334-8800,http://www.asianacc.co.kr/,,,,unknown,1.8,1.8/10,89,,high,true,"골프장명·주소(시/군/구) 일치, phone/homepage/price 후보 수집; homepage ambiguous; naver reservation price not found; difficulty: 1.8/10; naver reservation price not found — price fields left empty",https://search.naver.com/search.naver?where=nexearch&query=%EC%95%84%EC%8B%9C%EC%95%84%EB%82%98%EC%BB%A8%ED%8A%B8%EB%A6%AC%ED%81%B4%EB%9F%BD,2026-06-19T07:38:09.690Z
gc-88fd5807de80,알펜시아 700골프클럽,평창군 대관령면 솔봉로 325,알펜시아 700골프클럽,original,알펜시아 700골프클럽 | 알펜시아 700GC | 알펜시아 700G.C | 알펜시아 700 | 알펜시아 700골프클럽 네이버 | 알펜시아 700골프클럽 그린피 | 알펜시아 700골프클럽 네이버 예약 | 알펜시아 700골프클럽 평창군,알펜시아 700골프클럽,naver_scrape,알펜시아700골프클럽,강원 평창군 대관령면 스포츠파크길 234 알펜시아700 Golf Club,033-339-3300,https://www.alpensia.com,,,,unknown,7.2,7.2/10,93,,high,true,"골프장명·주소(시/군/구) 일치, phone/homepage/price 후보 수집; homepage ambiguous; naver reservation price not found; difficulty: 7.2/10; naver reservation price not found — price fields left empty",https://search.naver.com/search.naver?where=nexearch&query=%EC%95%8C%ED%8E%9C%EC%8B%9C%EC%95%84%20700%EA%B3%A8%ED%94%84%ED%81%B4%EB%9F%BD,2026-06-19T07:29:35.877Z
gc-2b5762bfc60c,알펜시아컨트리클럽,평창군 대관령면 솔봉로 325,알펜시아컨트리클럽,original,알펜시아컨트리클럽 | 알펜시아CC | 알펜시아C.C | 알펜시아컨트리클럽 네이버 | 알펜시아컨트리클럽 그린피 | 알펜시아컨트리클럽 네이버 예약 | 알펜시아컨트리클럽 평창군,알펜시아컨트리클럽,naver_scrape,알펜시아컨트리클럽,강원 평창군 대관령면 솔봉로 325 알펜시아컨트리클럽,033-339-3300,https://www.alpensia.com,,,,unknown,8.3,8.3/10,93,,high,true,"골프장명·주소(시/군/구) 일치, phone/homepage/price 후보 수집; phone candidates: 2; homepage ambiguous; naver reservation price not found; difficulty: 8.3/10; naver reservation price not found — price fields left empty",https://search.naver.com/search.naver?where=nexearch&query=%EC%95%8C%ED%8E%9C%EC%8B%9C%EC%95%84%EC%BB%A8%ED%8A%B8%EB%A6%AC%ED%81%B4%EB%9F%BD,2026-06-19T07:29:32.913Z
gc-17aba5f4eb83,알프스대영컨트리클럽,횡성군 우천면 한우로 1295,알프스대영컨트리클럽,original,알프스대영컨트리클럽 | 알프스대영CC | 알프스대영C.C | 알프스대영컨트리클럽 네이버 | 알프스대영컨트리클럽 그린피 | 알프스대영컨트리클럽 네이버 예약 | 알프스대영컨트리클럽 횡성군,알프스대영컨트리클럽,naver_scrape,알프스대영컨트리클럽,강원 횡성군 우천면 한우로 1295,033-340-8032,http://www.alpsdy.com/,,,,unknown,6.3,6.3/10,92,,high,true,"골프장명·주소(시/군/구) 일치, phone/homepage/price 후보 수집; homepage ambiguous; naver reservation price not found; difficulty: 6.3/10; naver reservation price not found — price fields left empty",https://search.naver.com/search.naver?where=nexearch&query=%EC%95%8C%ED%94%84%EC%8A%A4%EB%8C%80%EC%98%81%EC%BB%A8%ED%8A%B8%EB%A6%AC%ED%81%B4%EB%9F%BD,2026-06-19T07:28:19.223Z
gc-24a9087d99d6,양주 컨트리클럽,경기도 남양주시 화도읍 북한강로 1525-52,양주 컨트리클럽,original,양주 컨트리클럽 | 양주 CC | 양주 C.C | 양주 컨트리클럽 네이버 | 양주 컨트리클럽 그린피 | 양주 컨트리클럽 네이버 예약 | 양주 컨트리클럽 남양주시,양주 컨트리클럽,naver_scrape,양주CC,경기 남양주시 화도읍 북한강로 1525-52,031-592-6060,http://www.yangjucc.co.kr/,"네이버 예약: 300,000원",300000,300000,reservation_price,5.1,5.1/10,92,"네이버 예약: 300,000원",high,true,"골프장명·주소(시/군/구) 일치, phone/homepage/price 후보 수집; phone candidates: 2; homepage ambiguous; reservation prices: 1; difficulty: 5.1/10",https://search.naver.com/search.naver?where=nexearch&query=%EC%96%91%EC%A3%BC%20%EC%BB%A8%ED%8A%B8%EB%A6%AC%ED%81%B4%EB%9F%BD,2026-06-19T07:41:26.845Z
gc-897c73dbf41b,양지파인골프클럽,경기도 용인시 처인구 양지면 남평로 112,양지파인골프클럽,original,양지파인골프클럽 | 양지파인GC | 양지파인G.C | 양지파인 | 양지파인골프클럽 네이버 | 양지파인골프클럽 그린피 | 양지파인골프클럽 네이버 예약 | 양지파인골프클럽 용인시,양지파인골프클럽,naver_scrape,양지파인CC,경기 용인시 처인구 양지읍 남평로 112,031-329-9500,https://www.pineresort.com/Golf/CourseInfo.aspx,"네이버 예약: 185,000원; 194,000원; 205,000원",185000,205000,reservation_price,6.1,6.1/10,92,"네이버 예약: 185,000원; 194,000원; 205,000원",high,true,"골프장명·주소(시/군/구) 일치, phone/homepage/price 후보 수집; phone candidates: 2; homepage ambiguous; reservation prices: 3; difficulty: 6.1/10",https://search.naver.com/search.naver?where=nexearch&query=%EC%96%91%EC%A7%80%ED%8C%8C%EC%9D%B8%EA%B3%A8%ED%94%84%ED%81%B4%EB%9F%BD,2026-06-19T07:36:42.874Z
gc-c97aebfdffe3,에콜리안정선골프장,정선군 신동읍 새골길 112-49,에콜리안정선골프장,original,에콜리안정선골프장 | 에콜리안정선 | 에콜리안정선골프장 네이버 | 에콜리안정선골프장 그린피 | 에콜리안정선골프장 네이버 예약 | 에콜리안정선골프장 정선군,에콜리안정선골프장,naver_scrape,에콜리안정선골프장,"강원특별자치도 정선군 신동읍 새골길 112-49에 위치한 에콜리안정선골프장의 상세 정보. 시설 면적, 운영 형태, 위치 정보를 확인하세요.",033-378-7514,https://www.youtube.com/channel/UCE0kz3LFeT1dq41XmWfIGmQ/join,,,,unknown,,,,,high,true,"골프장명·주소(시/군/구) 일치, phone/homepage/price 후보 수집; naver reservation price not found; naver reservation price not found — price fields left empty",https://search.naver.com/search.naver?where=nexearch&query=%EC%97%90%EC%BD%9C%EB%A6%AC%EC%95%88%EC%A0%95%EC%84%A0%EA%B3%A8%ED%94%84%EC%9E%A5,2026-06-19T07:29:45.314Z
gc-669d8ad13333,엘리시안 강촌컨트리클럽,춘천시 남산면 북한강변길 688,엘리시안 강촌컨트리클럽,original,엘리시안 강촌컨트리클럽 | 엘리시안 강촌CC | 엘리시안 강촌C.C | 엘리시안 강촌컨트리클럽 네이버 | 엘리시안 강촌컨트리클럽 그린피 | 엘리시안 강촌컨트리클럽 네이버 예약 | 엘리시안 강촌컨트리클럽 춘천시,엘리시안 강촌컨트리클럽,naver_scrape,엘리시안강촌CC,강원 춘천시 남산면 북한강변길 688,033-260-2122,https://www.elysian.co.kr/about-gangchon/golf,,,,unknown,4.2,4.2/10,91,,high,true,"골프장명·주소(시/군/구) 일치, phone/homepage/price 후보 수집; phone candidates: 2; homepage ambiguous; naver reservation price not found; difficulty: 4.2/10; naver reservation price not found — price fields left empty",https://search.naver.com/search.naver?where=nexearch&query=%EC%97%98%EB%A6%AC%EC%8B%9C%EC%95%88%20%EA%B0%95%EC%B4%8C%EC%BB%A8%ED%8A%B8%EB%A6%AC%ED%81%B4%EB%9F%BD,2026-06-19T07:24:05.271Z
gc-d4f47a219511,영랑호컨트리클럽,속초시 영랑호반길 170,영랑호컨트리클럽,original,영랑호컨트리클럽 | 영랑호CC | 영랑호C.C | 영랑호컨트리클럽 네이버 | 영랑호컨트리클럽 그린피 | 영랑호컨트리클럽 네이버 예약 | 영랑호컨트리클럽 속초시,영랑호컨트리클럽,naver_scrape,영랑호CC,강원 속초시 영랑호반길 140,033-633-0003,https://www.yrhresort.com,,,,unknown,,,,,high,true,"골프장명·주소(시/군/구) 일치, phone/homepage/price 후보 수집; homepage ambiguous; naver reservation price not found; naver reservation price not found — price fields left empty",https://search.naver.com/search.naver?where=nexearch&query=%EC%98%81%EB%9E%91%ED%98%B8%EC%BB%A8%ED%8A%B8%EB%A6%AC%ED%81%B4%EB%9F%BD,2026-06-19T07:26:40.721Z
gc-3ae54b5361c3,오너스골프클럽,춘천시 남산면 동촌로 667,오너스골프클럽,original,오너스골프클럽 | 오너스GC | 오너스G.C | 오너스 | 오너스골프클럽 네이버 | 오너스골프클럽 그린피 | 오너스골프클럽 네이버 예약 | 오너스골프클럽 춘천시,오너스골프클럽,naver_scrape,오너스클럽소개,강원 춘천시 남산면 동촌로 667,033-260-1900,http://www.ownersgc.co.kr/,"네이버 예약: 150,000원; 160,000원; 210,000원; 220,000원; 250,000원",150000,250000,reservation_price,8.7,8.7/10,94,"네이버 예약: 150,000원; 160,000원; 210,000원; 220,000원; 250,000원",high,true,"골프장명·주소(시/군/구) 일치, phone/homepage/price 후보 수집; homepage ambiguous; reservation prices: 5; difficulty: 8.7/10",https://search.naver.com/search.naver?where=nexearch&query=%EC%98%A4%EB%84%88%EC%8A%A4%EA%B3%A8%ED%94%84%ED%81%B4%EB%9F%BD,2026-06-19T07:24:26.057Z
gc-aca146079a3b,오로라 골프 앤 리조트,원주시 신림면 구학산로 1520,오로라 골프 앤 리조트,original,오로라 골프 앤 리조트 | 오로라 골프 앤 리조트 네이버 | 오로라 골프 앤 리조트 그린피 | 오로라 골프 앤 리조트 네이버 예약 | 오로라 골프 앤 리조트 원주시,오로라 골프 앤 리조트,naver_scrape,오로라골프앤리조트,강원 원주시 신림면 구학산로 1520,033-810-8800,https://www.auroragolfnresort.co.kr,,,,unknown,,,,,high,true,"골프장명·주소(시/군/구) 일치, phone/homepage/price 후보 수집; homepage ambiguous; naver reservation price not found; naver reservation price not found — price fields left empty",https://search.naver.com/search.naver?where=nexearch&query=%EC%98%A4%EB%A1%9C%EB%9D%BC%20%EA%B3%A8%ED%94%84%20%EC%95%A4%20%EB%A6%AC%EC%A1%B0%ED%8A%B8,2026-06-19T07:26:04.232Z
gc-9a7cb8103191,오크밸리회원제골프장,원주시 지정면 오크밸리1길 66,오크밸리회원제,no_golf_course,오크밸리회원제골프장 | 오크밸리회원제 | 오크밸리회원제골프장 네이버 | 오크밸리회원제골프장 그린피 | 오크밸리회원제골프장 네이버 예약 | 오크밸리회원제골프장 원주시,오크밸리회원제,naver_scrape,오크밸리회원제,#오크밸리CC⛳️#강원도 원주시 #36홀 #회원제골프장#HDC리조트#현대산업개발,,,,,,unknown,,,,,high,true,"골프장명·주소(시/군/구) 일치, 추가 필드 수동 확인 필요; homepage not found; naver reservation price not found; naver reservation price not found — price fields left empty",https://search.naver.com/search.naver?where=nexearch&query=%EC%98%A4%ED%81%AC%EB%B0%B8%EB%A6%AC%ED%9A%8C%EC%9B%90%EC%A0%9C,2026-06-19T07:25:00.512Z
gc-535182f1f0fa,올데이 옥스필드,횡성군 서원면 경강로 유현6길 28,올데이 옥스필드,original,올데이 옥스필드 | 올데이 옥스필드 네이버 | 올데이 옥스필드 그린피 | 올데이 옥스필드 네이버 예약 | 올데이 옥스필드 횡성군,올데이 옥스필드,naver_scrape,옥스필드CC,강원 횡성군 서원면 경강로유현6길 28,033-340-7700,http://oxfield.co.kr/,"네이버 예약: 89,000원; 109,000원; 169,000원",89000,169000,reservation_price,8.2,8.2/10,93,"네이버 예약: 89,000원; 109,000원; 169,000원",high,true,"골프장명·주소(시/군/구) 일치, phone/homepage/price 후보 수집; homepage ambiguous; reservation prices: 3; difficulty: 8.2/10",https://search.naver.com/search.naver?where=nexearch&query=%EC%98%AC%EB%8D%B0%EC%9D%B4%20%EC%98%A5%EC%8A%A4%ED%95%84%EB%93%9C,2026-06-19T07:28:34.290Z
gc-18640b625b94,올림픽 골프장,경기도 고양시 덕양구 혜음로 301,올림픽 골프장,original,올림픽 골프장 | 올림픽 | 올림픽 골프장 네이버 | 올림픽 골프장 그린피 | 올림픽 골프장 네이버 예약 | 올림픽 골프장 고양시,올림픽 골프장,naver_scrape,올림픽CC,경기 고양시 덕양구 혜음로 301 올림픽CC,031-962-0101,http://www.olympicgolf.co.kr/,"네이버 예약: 160,000원",160000,160000,reservation_price,9.6,9.6/10,95,"네이버 예약: 160,000원",high,true,"골프장명·주소(시/군/구) 일치, phone/homepage/price 후보 수집; homepage ambiguous; reservation prices: 1; difficulty: 9.6/10",https://search.naver.com/search.naver?where=nexearch&query=%EC%98%AC%EB%A6%BC%ED%94%BD%20%EA%B3%A8%ED%94%84%EC%9E%A5,2026-06-19T07:40:16.388Z
gc-928514cac4c6,용인CC,경기도 용인시 처인구 백암면 황새울로 255,용인CC 용인시,city,용인CC | 용인CC 네이버 | 용인CC 그린피 | 용인CC 네이버 예약 | 용인CC 용인시,용인CC 용인시,naver_scrape,용인CC,경기 용인시 처인구 백암면 황새울로 255 용인C.C,031-332-3323,http://www.yongincc.com/,"네이버 예약: 175,000원; 185,000원; 195,000원",175000,195000,reservation_price,9.4,9.4/10,95,"네이버 예약: 175,000원; 185,000원; 195,000원",high,true,"골프장명·주소(시/군/구) 일치, phone/homepage/price 후보 수집; phone candidates: 4; homepage ambiguous; reservation prices: 3; difficulty: 9.4/10",https://search.naver.com/search.naver?where=nexearch&query=%EC%9A%A9%EC%9D%B8CC%20%EC%9A%A9%EC%9D%B8%EC%8B%9C,2026-06-19T07:39:07.978Z
gc-11423b427515,용평리조트골프클럽,평창군 대관령면 올림픽로 715,용평리조트G.C,g_dot_c,용평리조트골프클럽 | 용평리조트GC | 용평리조트G.C | 용평리조트 | 용평리조트골프클럽 네이버 | 용평리조트골프클럽 그린피 | 용평리조트골프클럽 네이버 예약 | 용평리조트골프클럽 평창군,용평리조트G.C,naver_scrape,용평리조트G.C,"용평컨트리클럽 ; 규모 · 6,800 야드 ; 홀 · 18홀 ; 파(Par) · 72 ; 주소 · 강원특별자치도 평창군 대관령면 올림픽로 715 ; 예약번호 · 1522-3111",033-330-7611,,,,,unknown,,,,,high,true,"골프장명·주소(시/군/구) 일치, phone/homepage/price 후보 수집; phone candidates: 2; homepage not found; naver reservation price not found; naver reservation price not found — price fields left empty",https://search.naver.com/search.naver?where=nexearch&query=%EC%9A%A9%ED%8F%89%EB%A6%AC%EC%A1%B0%ED%8A%B8G.C,2026-06-19T07:29:00.835Z
gc-07cd3007c683,용평리조트대중골프장,평창군 대관령면 올림픽로 715,용평리조트대중골프장,original,용평리조트대중골프장 | 용평리조트대중 | 용평리조트대중골프장 네이버 | 용평리조트대중골프장 그린피 | 용평리조트대중골프장 네이버 예약 | 용평리조트대중골프장 평창군,용평리조트대중골프장,naver_scrape,용평리조트대중골프장,리뷰 969강원 평창군 대관령면,02-3270-1245,,,,,unknown,,,,,high,true,"골프장명·주소(시/군/구) 일치, phone/homepage/price 후보 수집; phone candidates: 2; homepage not found; naver reservation price not found; naver reservation price not found — price fields left empty",https://search.naver.com/search.naver?where=nexearch&query=%EC%9A%A9%ED%8F%89%EB%A6%AC%EC%A1%B0%ED%8A%B8%EB%8C%80%EC%A4%91%EA%B3%A8%ED%94%84%EC%9E%A5,2026-06-19T07:29:16.845Z
gc-1e4b4a02117e,용평버치힐골프클럽,평창군 대관령면 올림픽로 715,용평버치힐골프클럽,original,용평버치힐골프클럽 | 용평버치힐GC | 용평버치힐G.C | 용평버치힐 | 용평버치힐골프클럽 네이버 | 용평버치힐골프클럽 그린피 | 용평버치힐골프클럽 네이버 예약 | 용평버치힐골프클럽 평창군,용평버치힐골프클럽,naver_scrape,용평버치힐골프클럽,"용평버치힐 콘도 정보 운 영 회 사 모나용평 주식회사 위치 강원특별자치도 평창군 대관령면 올림픽로 715 부대시설 버치힐 컨트리클럽(골프), 용평골프클럽(18H), 용평 나인 골프코스(9H), 워터파크, 스키장, 발",033-330-8623,,,,,unknown,,,,,high,true,"골프장명·주소(시/군/구) 일치, phone/homepage/price 후보 수집; homepage not found; naver reservation price not found; naver reservation price not found — price fields left empty",https://search.naver.com/search.naver?where=nexearch&query=%EC%9A%A9%ED%8F%89%EB%B2%84%EC%B9%98%ED%9E%90%EA%B3%A8%ED%94%84%ED%81%B4%EB%9F%BD,2026-06-19T07:29:11.284Z
gc-7b4833dc4475,월송리 컨트리클럽,원주시 지정면 오크밸리2길 250,월송리 컨트리클럽,original,월송리 컨트리클럽 | 월송리 CC | 월송리 C.C | 월송리 컨트리클럽 네이버 | 월송리 컨트리클럽 그린피 | 월송리 컨트리클럽 네이버 예약 | 월송리 컨트리클럽 원주시,월송리 컨트리클럽,naver_scrape,월송리컨트리클럽,월송리 컨트리클럽 (원주시 지정면 월송리) 골프장 소리114 - 전국 생활편의 정보 소리114,,,,,,unknown,,,,,high,true,"골프장명·주소(시/군/구) 일치, 추가 필드 수동 확인 필요; homepage not found; naver reservation price not found; naver reservation price not found — price fields left empty",https://search.naver.com/search.naver?where=nexearch&query=%EC%9B%94%EC%86%A1%EB%A6%AC%20%EC%BB%A8%ED%8A%B8%EB%A6%AC%ED%81%B4%EB%9F%BD,2026-06-19T07:25:08.690Z
gc-bbf51fd6cc91,웰리힐리컨트리클럽,횡성군 둔내면 고원로 451,웰리힐리컨트리클럽,original,웰리힐리컨트리클럽 | 웰리힐리CC | 웰리힐리C.C | 웰리힐리컨트리클럽 네이버 | 웰리힐리컨트리클럽 그린피 | 웰리힐리컨트리클럽 네이버 예약 | 웰리힐리컨트리클럽 횡성군,웰리힐리컨트리클럽,naver_scrape,웰리힐리CC,강원 횡성군 둔내면 고원로 451 웰리힐리파크,1544-8833,http://www.wellihillipark.com/wellihillicc/,"네이버 예약: 200,000원",200000,200000,reservation_price,9,9/10,94,"네이버 예약: 200,000원",high,true,"골프장명·주소(시/군/구) 일치, phone/homepage/price 후보 수집; homepage ambiguous; reservation prices: 1; difficulty: 9/10",https://search.naver.com/search.naver?where=nexearch&query=%EC%9B%B0%EB%A6%AC%ED%9E%90%EB%A6%AC%EC%BB%A8%ED%8A%B8%EB%A6%AC%ED%81%B4%EB%9F%BD,2026-06-19T07:27:57.310Z
gc-ec8024eb7955,웰리힐리퍼블릭,횡성군 둔내면 고원로 451,웰리힐리퍼블릭,original,웰리힐리퍼블릭 | 웰리힐리퍼블릭 네이버 | 웰리힐리퍼블릭 그린피 | 웰리힐리퍼블릭 네이버 예약 | 웰리힐리퍼블릭 횡성군,웰리힐리퍼블릭,naver_scrape,웰리힐리퍼블릭,조항로 360지번조항리 103-1,,https://naver.me/57VnTw1t,,,,unknown,,,,,medium,true,"이름 유사·phone/homepage/price 후보 있음, 주소 확인 약함; naver reservation price not found; naver reservation price not found — price fields left empty",https://search.naver.com/search.naver?where=nexearch&query=%EC%9B%B0%EB%A6%AC%ED%9E%90%EB%A6%AC%ED%8D%BC%EB%B8%94%EB%A6%AD,2026-06-19T07:28:05.269Z
gc-120c785ee7a3,은화삼컨트리클럽,경기도 용인시 처인구 백옥대로 860-38,은화삼컨트리클럽,original,은화삼컨트리클럽 | 은화삼CC | 은화삼C.C | 은화삼컨트리클럽 네이버 | 은화삼컨트리클럽 그린피 | 은화삼컨트리클럽 네이버 예약 | 은화삼컨트리클럽 용인시,은화삼컨트리클럽,naver_scrape,은화삼CC,경기 용인시 처인구 백옥대로 860-38,031-335-8255,http://www.ehscc.co.kr/,,,,unknown,5.7,5.7/10,92,,high,true,"골프장명·주소(시/군/구) 일치, phone/homepage/price 후보 수집; phone candidates: 2; homepage ambiguous; naver reservation price not found; difficulty: 5.7/10; naver reservation price not found — price fields left empty",https://search.naver.com/search.naver?where=nexearch&query=%EC%9D%80%ED%99%94%EC%82%BC%EC%BB%A8%ED%8A%B8%EB%A6%AC%ED%81%B4%EB%9F%BD,2026-06-19T07:38:02.708Z
gc-60319bf1693c,인천그랜드컨트리클럽,인천시 서구 원석로 195,인천그랜드컨트리클럽,,,,naver_scrape,인천그랜드CC,인천 서구 원석로 195,032-584-3111,http://www.incheongrand.cc/,그린은 걸레에 모래가 가득이고 그린피는 277000으로 넘 비싸고 주변은 온통 공사고 절대 오면 안될듯,277000,277000,green_fee,,,,,high,true,"골프장명·주소(시/군/구) 일치, phone/homepage/price 후보 수집; phone candidates: 3; homepage ambiguous; price lines: 4",https://search.naver.com/search.naver?where=nexearch&query=%EC%9D%B8%EC%B2%9C%EA%B7%B8%EB%9E%9C%EB%93%9C%EC%BB%A8%ED%8A%B8%EB%A6%AC%ED%81%B4%EB%9F%BD,2026-06-19T05:05:58.571Z
gc-cbe46e8a03a2,인터불고원주골프클럽,원주시 동부순환로 200(반곡동),인터불고원주골프클럽,original,인터불고원주골프클럽 | 인터불고원주GC | 인터불고원주G.C | 인터불고원주 | 인터불고원주골프클럽 네이버 | 인터불고원주골프클럽 그린피 | 인터불고원주골프클럽 네이버 예약 | 인터불고원주골프클럽 원주시,인터불고원주골프클럽,naver_scrape,호텔인터불고 원주 퍼블릭 골프클럽,강원 원주시 동부순환로 200 인터불고 원주,033-769-8280,https://ibgolfclub.com/view/index.do,"네이버 예약: 119,000원",119000,119000,reservation_price,5.6,5.6/10,92,"네이버 예약: 119,000원",high,true,"골프장명·주소(시/군/구) 일치, phone/homepage/price 후보 수집; homepage ambiguous; reservation prices: 1; difficulty: 5.6/10",https://search.naver.com/search.naver?where=nexearch&query=%EC%9D%B8%ED%84%B0%EB%B6%88%EA%B3%A0%EC%9B%90%EC%A3%BC%EA%B3%A8%ED%94%84%ED%81%B4%EB%9F%BD,2026-06-19T07:25:58.131Z
gc-41b5c15f44da,일산스프링힐스 컨트리클럽,경기도 고양시 일산동구 산황로 108,일산스프링힐스 컨트리클럽,original,일산스프링힐스 컨트리클럽 | 일산스프링힐스 CC | 일산스프링힐스 C.C | 일산스프링힐스 컨트리클럽 네이버 | 일산스프링힐스 컨트리클럽 그린피 | 일산스프링힐스 컨트리클럽 네이버 예약 | 일산스프링힐스 컨트리클럽 고양시,일산스프링힐스 컨트리클럽,naver_scrape,일산스프링힐스CC,경기 고양시 일산동구 산황로 108,031-969-2000,http://springhills.co.kr,"네이버 예약: 150,000원; 160,000원; 165,000원",150000,165000,reservation_price,7.2,7.2/10,93,"네이버 예약: 150,000원; 160,000원; 165,000원",high,true,"골프장명·주소(시/군/구) 일치, phone/homepage/price 후보 수집; homepage ambiguous; reservation prices: 3; difficulty: 7.2/10",https://search.naver.com/search.naver?where=nexearch&query=%EC%9D%BC%EC%82%B0%EC%8A%A4%ED%94%84%EB%A7%81%ED%9E%90%EC%8A%A4%20%EC%BB%A8%ED%8A%B8%EB%A6%AC%ED%81%B4%EB%9F%BD,2026-06-19T07:40:23.228Z
gc-5acca8d60a68,제이드팰리스 골프클럽,춘천시 남산면 경춘로 212-30,제이드팰리스 골프클럽,original,제이드팰리스 골프클럽 | 제이드팰리스 GC | 제이드팰리스 G.C | 제이드팰리스 | 제이드팰리스 골프클럽 네이버 | 제이드팰리스 골프클럽 그린피 | 제이드팰리스 골프클럽 네이버 예약 | 제이드팰리스 골프클럽 춘천시,제이드팰리스 골프클럽,naver_scrape,제이드팰리스 골프클럽,강원 춘천시 남산면 경춘로 212-30,033-260-8000,http://www.jadepalacegc.com,,,,unknown,,,,,high,true,"골프장명·주소(시/군/구) 일치, phone/homepage/price 후보 수집; homepage ambiguous; naver reservation price not found; naver reservation price not found — price fields left empty",https://search.naver.com/search.naver?where=nexearch&query=%EC%A0%9C%EC%9D%B4%EB%93%9C%ED%8C%B0%EB%A6%AC%EC%8A%A4%20%EA%B3%A8%ED%94%84%ED%81%B4%EB%9F%BD,2026-06-19T07:24:08.271Z
gc-20c1df4aa8fb,지산컨트리클럽,경기도 용인시 처인구 원삼면 죽양대로 2000번길 60,지산컨트리클럽,original,지산컨트리클럽 | 지산CC | 지산C.C | 지산컨트리클럽 네이버 | 지산컨트리클럽 그린피 | 지산컨트리클럽 네이버 예약 | 지산컨트리클럽 용인시,지산컨트리클럽,naver_scrape,지산컨트리클럽,경기 용인시 처인구 원삼면 맹리 산29-6,031-330-1400,http://www.jisangolf.com/,,,,unknown,2.2,2.2/10,89,,high,true,"골프장명·주소(시/군/구) 일치, phone/homepage/price 후보 수집; phone candidates: 4; homepage ambiguous; naver reservation price not found; difficulty: 2.2/10; naver reservation price not found — price fields left empty",https://search.naver.com/search.naver?where=nexearch&query=%EC%A7%80%EC%82%B0%EC%BB%A8%ED%8A%B8%EB%A6%AC%ED%81%B4%EB%9F%BD,2026-06-19T07:38:38.615Z
gc-4687a4044d34,지산퍼블릭,경기도 용인시 처인구 원삼면 죽양대로 2100번길 60,지산퍼블릭,original,지산퍼블릭 | 지산퍼블릭 네이버 | 지산퍼블릭 그린피 | 지산퍼블릭 네이버 예약 | 지산퍼블릭 용인시,지산퍼블릭,naver_scrape,지산 퍼블릭 (9홀),경기 용인시 처인구 원삼면 죽양대로2000번길 60,031-330-1400,,,,,unknown,,,,,high,true,"골프장명·주소(시/군/구) 일치, phone/homepage/price 후보 수집; homepage not found; naver reservation price not found; naver reservation price not found — price fields left empty",https://search.naver.com/search.naver?where=nexearch&query=%EC%A7%80%EC%82%B0%ED%8D%BC%EB%B8%94%EB%A6%AD,2026-06-19T07:38:44.627Z
gc-568fcaa60a5e,카스카디아 골프클럽,홍천군 북방면 팔봉산로 1759,카스카디아 골프클럽,original,카스카디아 골프클럽 | 카스카디아 GC | 카스카디아 G.C | 카스카디아 | 카스카디아 골프클럽 네이버 | 카스카디아 골프클럽 그린피 | 카스카디아 골프클럽 네이버 예약 | 카스카디아 골프클럽 홍천군,카스카디아 골프클럽,naver_scrape,카스카디아 골프클럽,강원 홍천군 북방면 팔봉산로 1759 카스카디아,033-430-0000,http://www.cascadia.kr,"네이버 예약: 280,000원; 290,000원",280000,290000,reservation_price,5.8,5.8/10,92,"네이버 예약: 280,000원; 290,000원",high,true,"골프장명·주소(시/군/구) 일치, phone/homepage/price 후보 수집; homepage ambiguous; reservation prices: 2; difficulty: 5.8/10",https://search.naver.com/search.naver?where=nexearch&query=%EC%B9%B4%EC%8A%A4%EC%B9%B4%EB%94%94%EC%95%84%20%EA%B3%A8%ED%94%84%ED%81%B4%EB%9F%BD,2026-06-19T07:27:51.220Z
gc-4487ee52808c,코리아대중CC,경기도 용인시 기흥구 기흥단지로 224,코리아대중CC,original,코리아대중CC | 코리아대중CC 네이버 | 코리아대중CC 그린피 | 코리아대중CC 네이버 예약 | 코리아대중CC 용인시,코리아대중CC,naver_scrape,코리아대중CC,"2026.05.01.용인시 기흥구 고매동에 위치한 '코리아대중CC'의 위치, 골프장 골프장",031-324-2383,,,,,unknown,,,,,high,true,"골프장명·주소(시/군/구) 일치, phone/homepage/price 후보 수집; phone candidates: 4; homepage not found; naver reservation price not found; naver reservation price not found — price fields left empty",https://search.naver.com/search.naver?where=nexearch&query=%EC%BD%94%EB%A6%AC%EC%95%84%EB%8C%80%EC%A4%91CC,2026-06-19T07:38:33.061Z
gc-0086afc84101,코리아컨트리클럽,경기도 용인시 처인구 이동읍 기흥단지로 579,코리아컨트리클럽,original,코리아컨트리클럽 | 코리아CC | 코리아C.C | 코리아컨트리클럽 네이버 | 코리아컨트리클럽 그린피 | 코리아컨트리클럽 네이버 예약 | 코리아컨트리클럽 용인시,코리아컨트리클럽,naver_scrape,코리아CC,경기 용인시 처인구 이동읍 기흥단지로 579,031-334-7111,http://www.gakorea.com/,"네이버 예약: 260,000원; 300,000원",260000,300000,reservation_price,4.9,4.9/10,92,"네이버 예약: 260,000원; 300,000원",high,true,"골프장명·주소(시/군/구) 일치, phone/homepage/price 후보 수집; homepage ambiguous; reservation prices: 2; difficulty: 4.9/10",https://search.naver.com/search.naver?where=nexearch&query=%EC%BD%94%EB%A6%AC%EC%95%84%EC%BB%A8%ED%8A%B8%EB%A6%AC%ED%81%B4%EB%9F%BD,2026-06-19T07:38:26.943Z
gc-426fc575906a,클럽모우골프 &라이프스타일,홍천군 서면 장락동길 111,클럽모우골프 &라이프스타일 그린피,green_fee,클럽모우골프 &라이프스타일 | 클럽모우골프 &라이프스타일 네이버 | 클럽모우골프 &라이프스타일 그린피 | 클럽모우골프 &라이프스타일 네이버 예약 | 클럽모우골프 &라이프스타일 홍천군,클럽모우골프 &라이프스타일 그린피,naver_scrape,클럽모우골프 &라이프스타일,"강원특별자치도 홍천군 서면 장락동길 111-0에 위치한 클럽모우 골프＆라이프 스타일의 상세 정보. 시설 면적, 운영 형태, 위치 정보를 확인하세요.",033-439-9000,https://naver.me/IDkgvaK3,,,,unknown,,,,,high,true,"골프장명·주소(시/군/구) 일치, phone/homepage/price 후보 수집; naver reservation price not found; naver reservation price not found — price fields left empty",https://search.naver.com/search.naver?where=nexearch&query=%ED%81%B4%EB%9F%BD%EB%AA%A8%EC%9A%B0%EA%B3%A8%ED%94%84%20%26%EB%9D%BC%EC%9D%B4%ED%94%84%EC%8A%A4%ED%83%80%EC%9D%BC%20%EA%B7%B8%EB%A6%B0%ED%94%BC,2026-06-19T07:27:29.251Z
gc-3d63d3179c0f,태광컨트리클럽(대중제),경기도 용인시 기흥구 흥덕4로 77,태광컨트리클럽(대중제),original,태광컨트리클럽(대중제) | 태광컨트리클럽 | 태광CC(대중제) | 태광C.C(대중제) | 태광CC | 태광C.C | 태광컨트리클럽 네이버 | 태광컨트리클럽 그린피 | 태광컨트리클럽 네이버 예약 | 태광컨트리클럽 용인시,태광컨트리클럽(대중제),naver_scrape,태광 컨트리클럽,경기도 용인시 기흥구 흥덕4로 77 (신갈동),02-576-4666,,,,,unknown,,,,,high,true,"골프장명·주소(시/군/구) 일치, phone/homepage/price 후보 수집; homepage not found; naver reservation price not found; naver reservation price not found — price fields left empty",https://search.naver.com/search.naver?where=nexearch&query=%ED%83%9C%EA%B4%91%EC%BB%A8%ED%8A%B8%EB%A6%AC%ED%81%B4%EB%9F%BD(%EB%8C%80%EC%A4%91%EC%A0%9C),2026-06-19T07:37:05.796Z
gc-9da6f2a0f2d9,태광컨트리클럽(회원제),경기도 용인시 기흥구 흥덕4로 77,태광컨트리클럽(회원제),original,태광컨트리클럽(회원제) | 태광컨트리클럽 | 태광CC(회원제) | 태광C.C(회원제) | 태광CC | 태광C.C | 태광컨트리클럽 네이버 | 태광컨트리클럽 그린피 | 태광컨트리클럽 네이버 예약 | 태광컨트리클럽 용인시,태광컨트리클럽(회원제),naver_scrape,태광컨트리클럽(회원제),"2025.08.20.태광CC 용인 태광 컨트리클럽, 태광 회원제 라운딩 주소: 경기도 용인시 기흥구 흥덕4로77 (신갈동) 전화: 1877-6001 그린피: 평균 20만원 후반대, 주말 30만원 (홈페이지 공지 참고",070-8189-6001,,,,,unknown,,,,,high,true,"골프장명·주소(시/군/구) 일치, phone/homepage/price 후보 수집; homepage not found; naver reservation price not found; naver reservation price not found — price fields left empty",https://search.naver.com/search.naver?where=nexearch&query=%ED%83%9C%EA%B4%91%EC%BB%A8%ED%8A%B8%EB%A6%AC%ED%81%B4%EB%9F%BD(%ED%9A%8C%EC%9B%90%EC%A0%9C),2026-06-19T07:37:00.226Z
gc-716264430902,태기산 나인CC,강원특별자치도 평창군 봉평면 태기로 174,태기산 나인CC,original,태기산 나인CC | 태기산 나인CC 네이버 | 태기산 나인CC 그린피 | 태기산 나인CC 네이버 예약 | 태기산 나인CC 평창군,태기산 나인CC,naver_scrape,태기산 나인 CC,강원 평창군 봉평면 무이리 696,1577-0755,https://phoenixhnr.co.kr/static/pyeongchang/golf/taegisan-intro,,,,unknown,5.4,5.4/10,92,,high,true,"골프장명·주소(시/군/구) 일치, phone/homepage/price 후보 수집; homepage ambiguous; naver reservation price not found; difficulty: 5.4/10; naver reservation price not found — price fields left empty",https://search.naver.com/search.naver?where=nexearch&query=%ED%83%9C%EA%B8%B0%EC%82%B0%20%EB%82%98%EC%9D%B8CC,2026-06-19T07:29:30.155Z
gc-9e436bbbf364,파가니카컨트리클럽,춘천시 남면 소주고개로 145-10,파가니카컨트리클럽,original,파가니카컨트리클럽 | 파가니카CC | 파가니카C.C | 파가니카컨트리클럽 네이버 | 파가니카컨트리클럽 그린피 | 파가니카컨트리클럽 네이버 예약 | 파가니카컨트리클럽 춘천시,파가니카컨트리클럽,naver_scrape,파가니카컨트리클럽,충청북도 청주시 서원구 남이면 문곡구절골길 235,033-261-6556,https://www.onetheclub.com/paganica/main,,,,unknown,,,,,medium,true,"이름 유사·phone/homepage/price 후보 있음, 주소 확인 약함; phone candidates: 3; naver reservation price not found; naver reservation price not found — price fields left empty",https://search.naver.com/search.naver?where=nexearch&query=%ED%8C%8C%EA%B0%80%EB%8B%88%EC%B9%B4%EC%BB%A8%ED%8A%B8%EB%A6%AC%ED%81%B4%EB%9F%BD,2026-06-19T07:24:32.054Z
gc-4454a258c3a6,파인리즈컨트리클럽,고성군 토성면 잼버리동로 267,파인리즈컨트리클럽,original,파인리즈컨트리클럽 | 파인리즈CC | 파인리즈C.C | 파인리즈컨트리클럽 네이버 | 파인리즈컨트리클럽 그린피 | 파인리즈컨트리클럽 네이버 예약 | 파인리즈컨트리클럽 고성군,파인리즈컨트리클럽,naver_scrape,파인리즈CC,강원 고성군 토성면 잼버리동로 267 파인리즈 관광숙박시설(빌라콘도),1577-6399,http://www.pineridge.co.kr,"네이버 예약: 220,000원",220000,220000,reservation_price,8.8,8.8/10,94,"네이버 예약: 220,000원",high,true,"골프장명·주소(시/군/구) 일치, phone/homepage/price 후보 수집; homepage ambiguous; reservation prices: 1; difficulty: 8.8/10",https://search.naver.com/search.naver?where=nexearch&query=%ED%8C%8C%EC%9D%B8%EB%A6%AC%EC%A6%88%EC%BB%A8%ED%8A%B8%EB%A6%AC%ED%81%B4%EB%9F%BD,2026-06-19T07:30:09.177Z
gc-5d96ff075544,파인밸리컨트리클럽,삼척시 근덕면 미근로 1629,파인밸리컨트리클럽,original,파인밸리컨트리클럽 | 파인밸리CC | 파인밸리C.C | 파인밸리컨트리클럽 네이버 | 파인밸리컨트리클럽 그린피 | 파인밸리컨트리클럽 네이버 예약 | 파인밸리컨트리클럽 삼척시,파인밸리컨트리클럽,naver_scrape,파인밸리CC,강원 삼척시 근덕면 교곡리 445-1,033-573-0874,http://www.tyleisure.co.kr/mobile_pinevalley.asp,"네이버 예약: 145,000원",145000,145000,reservation_price,9.7,9.7/10,95,"네이버 예약: 145,000원",high,true,"골프장명·주소(시/군/구) 일치, phone/homepage/price 후보 수집; homepage ambiguous; reservation prices: 1; difficulty: 9.7/10",https://search.naver.com/search.naver?where=nexearch&query=%ED%8C%8C%EC%9D%B8%EB%B0%B8%EB%A6%AC%EC%BB%A8%ED%8A%B8%EB%A6%AC%ED%81%B4%EB%9F%BD,2026-06-19T07:26:46.592Z
gc-52110494ceac,파크밸리골프클럽,원주시 소초면 바우실길 281,파크밸리골프클럽,original,파크밸리골프클럽 | 파크밸리GC | 파크밸리G.C | 파크밸리 | 파크밸리골프클럽 네이버 | 파크밸리골프클럽 그린피 | 파크밸리골프클럽 네이버 예약 | 파크밸리골프클럽 원주시,파크밸리골프클럽,naver_scrape,파크밸리GC,강원 원주시 소초면 바우실길 281,033-744-4000,http://www.parkvalley.co.kr/,"네이버 예약: 129,000원; 139,000원; 149,000원",129000,149000,reservation_price,5.6,5.6/10,92,"네이버 예약: 129,000원; 139,000원; 149,000원",high,true,"골프장명·주소(시/군/구) 일치, phone/homepage/price 후보 수집; homepage ambiguous; reservation prices: 3; difficulty: 5.6/10",https://search.naver.com/search.naver?where=nexearch&query=%ED%8C%8C%ED%81%AC%EB%B0%B8%EB%A6%AC%EA%B3%A8%ED%94%84%ED%81%B4%EB%9F%BD,2026-06-19T07:25:46.527Z
gc-4af8a2f8ed32,플라자CC,경기도 용인시 처인구 남사읍 봉무로 153번길 79,플라자CC,original,플라자CC | 플라자CC 네이버 | 플라자CC 그린피 | 플라자CC 네이버 예약 | 플라자CC 용인시,플라자CC,naver_scrape,플라자CC 용인,2021.10.01.♡ 얼마전 용인에있는 플라자cc (PLAZA CC)를 지인찬스로 다녀왔습니다. 경기도 용인시 처인구 남사면 봉무로 135번길 79 한화리조트 031-333-1144 회원제 36홀 용인플라자CC 들,031-323-3311,,,,,unknown,,,,,high,true,"골프장명·주소(시/군/구) 일치, phone/homepage/price 후보 수집; phone candidates: 3; homepage not found; naver reservation price not found; naver reservation price not found — price fields left empty",https://search.naver.com/search.naver?where=nexearch&query=%ED%94%8C%EB%9D%BC%EC%9E%90CC,2026-06-19T07:36:54.707Z
gc-658a43bb77b8,하이원컨트리클럽,정선군 고한읍 고한7길 399,하이원컨트리클럽,original,하이원컨트리클럽 | 하이원CC | 하이원C.C | 하이원컨트리클럽 네이버 | 하이원컨트리클럽 그린피 | 하이원컨트리클럽 네이버 예약 | 하이원컨트리클럽 정선군,하이원컨트리클럽,naver_scrape,하이원CC,강원 정선군 고한읍 고한리 418,1588-7789,http://high1.com/golf/index.do,"네이버 예약: 133,000원; 170,000원",133000,170000,reservation_price,9.8,9.8/10,96,"네이버 예약: 133,000원; 170,000원",high,true,"골프장명·주소(시/군/구) 일치, phone/homepage/price 후보 수집; homepage ambiguous; reservation prices: 2; difficulty: 9.8/10",https://search.naver.com/search.naver?where=nexearch&query=%ED%95%98%EC%9D%B4%EC%9B%90%EC%BB%A8%ED%8A%B8%EB%A6%AC%ED%81%B4%EB%9F%BD,2026-06-19T07:29:38.708Z
gc-8b59a320f132,한림용인CC,경기도 용인시 처인구 남사읍 경기동로 628,한림용인CC,original,한림용인CC | 한림용인CC 네이버 | 한림용인CC 그린피 | 한림용인CC 네이버 예약 | 한림용인CC 용인시,한림용인CC,naver_scrape,한림용인CC,경기 용인시 처인구 남사읍 경기동로 628 한림용인CC,031-336-8350,http://www.hanlimgolf.co.kr/,"네이버 예약: 170,000원; 230,000원",170000,230000,reservation_price,5,5/10,92,"네이버 예약: 170,000원; 230,000원",high,true,"골프장명·주소(시/군/구) 일치, phone/homepage/price 후보 수집; homepage ambiguous; reservation prices: 2; difficulty: 5/10",https://search.naver.com/search.naver?where=nexearch&query=%ED%95%9C%EB%A6%BC%EC%9A%A9%EC%9D%B8CC,2026-06-19T07:38:56.139Z
gc-c2ad879f8193,한성컨트리클럽,경기도 용인시 기흥구 구교동로 151,한성컨트리클럽,original,한성컨트리클럽 | 한성CC | 한성C.C | 한성컨트리클럽 네이버 | 한성컨트리클럽 그린피 | 한성컨트리클럽 네이버 예약 | 한성컨트리클럽 용인시,한성컨트리클럽,naver_scrape,한성CC,경기 용인시 기흥구 마북동 산32-3,031-284-3831,http://www.hansung-cc.co.kr/,,,,unknown,2.1,2.1/10,89,,high,true,"골프장명·주소(시/군/구) 일치, phone/homepage/price 후보 수집; homepage ambiguous; naver reservation price not found; difficulty: 2.1/10; naver reservation price not found — price fields left empty",https://search.naver.com/search.naver?where=nexearch&query=%ED%95%9C%EC%84%B1%EC%BB%A8%ED%8A%B8%EB%A6%AC%ED%81%B4%EB%9F%BD,2026-06-19T07:37:11.198Z
gc-27324df1736a,한양컨트리클럽,경기도 고양시 덕양구 고양대로1643번길 164,한양컨트리클럽,original,한양컨트리클럽 | 한양CC | 한양C.C | 한양컨트리클럽 네이버 | 한양컨트리클럽 그린피 | 한양컨트리클럽 네이버 예약 | 한양컨트리클럽 고양시,한양컨트리클럽,naver_scrape,한양컨트리클럽,(우) 10293 경기도 고양 덕양구 고양대로1643번길 164,031-960-6900,https://gongu.copyright.or.kr/,,,,unknown,,,,,high,true,"골프장명·주소(시/군/구) 일치, phone/homepage/price 후보 수집; phone candidates: 2; naver reservation price not found; naver reservation price not found — price fields left empty",https://search.naver.com/search.naver?where=nexearch&query=%ED%95%9C%EC%96%91%EC%BB%A8%ED%8A%B8%EB%A6%AC%ED%81%B4%EB%9F%BD,2026-06-19T07:39:53.348Z
gc-1faa083d0616,한양파인컨트리클럽,경기도 고양시 덕양구 고양대로 1591,한양파인컨트리클럽,original,한양파인컨트리클럽 | 한양파인CC | 한양파인C.C | 한양파인컨트리클럽 네이버 | 한양파인컨트리클럽 그린피 | 한양파인컨트리클럽 네이버 예약 | 한양파인컨트리클럽 고양시,한양파인컨트리클럽,naver_scrape,한양파인CC,경기 고양시 덕양구 고양대로 1591,031-930-9100,http://www.hypine.co.kr/,,,,unknown,4.6,4.6/10,91,,high,true,"골프장명·주소(시/군/구) 일치, phone/homepage/price 후보 수집; homepage ambiguous; naver reservation price not found; difficulty: 4.6/10; naver reservation price not found — price fields left empty",https://search.naver.com/search.naver?where=nexearch&query=%ED%95%9C%EC%96%91%ED%8C%8C%EC%9D%B8%EC%BB%A8%ED%8A%B8%EB%A6%AC%ED%81%B4%EB%9F%BD,2026-06-19T07:40:29.143Z
gc-9a7ff16abcee,한원컨트리클럽,경기도 용인시 처인구 남사읍 전나무골길2번길 94,한원컨트리클럽,original,한원컨트리클럽 | 한원CC | 한원C.C | 한원컨트리클럽 네이버 | 한원컨트리클럽 그린피 | 한원컨트리클럽 네이버 예약 | 한원컨트리클럽 용인시,한원컨트리클럽,naver_scrape,한원CC,경기 용인시 처인구 남사읍 전나무골길2번길 94,031-379-8111,https://www.hanwoncc.co.kr/,"네이버 예약: 220,000원",220000,220000,reservation_price,3.1,3.1/10,90,"네이버 예약: 220,000원",high,true,"골프장명·주소(시/군/구) 일치, phone/homepage/price 후보 수집; homepage ambiguous; reservation prices: 1; difficulty: 3.1/10",https://search.naver.com/search.naver?where=nexearch&query=%ED%95%9C%EC%9B%90%EC%BB%A8%ED%8A%B8%EB%A6%AC%ED%81%B4%EB%9F%BD,2026-06-19T07:36:36.841Z
gc-57059262e040,한탄강컨트리클럽,철원군 갈말읍 순담길 59,한탄강컨트리클럽,original,한탄강컨트리클럽 | 한탄강CC | 한탄강C.C | 한탄강컨트리클럽 네이버 | 한탄강컨트리클럽 그린피 | 한탄강컨트리클럽 네이버 예약 | 한탄강컨트리클럽 철원군,한탄강컨트리클럽,naver_scrape,한탄강CC,강원 철원군 갈말읍 순담길 59,033-452-5700,http://www.hantancc.co.kr/,,,,unknown,8.6,8.6/10,94,,high,true,"골프장명·주소(시/군/구) 일치, phone/homepage/price 후보 수집; homepage ambiguous; naver reservation price not found; difficulty: 8.6/10; naver reservation price not found — price fields left empty",https://search.naver.com/search.naver?where=nexearch&query=%ED%95%9C%ED%83%84%EA%B0%95%EC%BB%A8%ED%8A%B8%EB%A6%AC%ED%81%B4%EB%9F%BD,2026-06-19T07:29:50.957Z
gc-f4bb9638f567,해솔리아 컨트리클럽,경기도 용인시 처인구 이동읍 백자로 369,해솔리아 컨트리클럽,original,해솔리아 컨트리클럽 | 해솔리아 CC | 해솔리아 C.C | 해솔리아 컨트리클럽 네이버 | 해솔리아 컨트리클럽 그린피 | 해솔리아 컨트리클럽 네이버 예약 | 해솔리아 컨트리클럽 용인시,해솔리아 컨트리클럽,naver_scrape,해솔리아CC,경기 용인시 처인구 이동읍 백자로 369,031-321-7755,http://www.haesoliacc.co.kr/,"네이버 예약: 200,000원",200000,200000,reservation_price,5.4,5.4/10,92,"네이버 예약: 200,000원",high,true,"골프장명·주소(시/군/구) 일치, phone/homepage/price 후보 수집; homepage ambiguous; reservation prices: 1; difficulty: 5.4/10",https://search.naver.com/search.naver?where=nexearch&query=%ED%95%B4%EC%86%94%EB%A6%AC%EC%95%84%20%EC%BB%A8%ED%8A%B8%EB%A6%AC%ED%81%B4%EB%9F%BD,2026-06-19T07:39:41.013Z
gc-ab63350a5577,화산컨트리클럽,경기도 용인시 처인구 이동읍 화산로 239,화산컨트리클럽,original,화산컨트리클럽 | 화산CC | 화산C.C | 화산컨트리클럽 네이버 | 화산컨트리클럽 그린피 | 화산컨트리클럽 네이버 예약 | 화산컨트리클럽 용인시,화산컨트리클럽,naver_scrape,화산CC,경기 용인시 처인구 이동읍 화산로 239 화산CC,031-329-7114,http://www.hwasancc.com/,,,,unknown,7,7/10,92,,high,true,"골프장명·주소(시/군/구) 일치, phone/homepage/price 후보 수집; homepage ambiguous; naver reservation price not found; difficulty: 7/10; naver reservation price not found — price fields left empty",https://search.naver.com/search.naver?where=nexearch&query=%ED%99%94%EC%82%B0%EC%BB%A8%ED%8A%B8%EB%A6%AC%ED%81%B4%EB%9F%BD,2026-06-19T07:38:50.152Z
gc-4905c6ca9b75,화성 상록G.C,경기도 화성시 풀무골로60번길 80,화성 상록G.C,original,화성 상록G.C | 화성 상록G.C 네이버 | 화성 상록G.C 그린피 | 화성 상록G.C 네이버 예약 | 화성 상록G.C 화성시,화성 상록G.C,naver_scrape,화성상록G.C,,031-371-0100,,,,,unknown,,,,,medium,true,"이름 유사·phone/homepage/price 후보 있음, 주소 확인 약함; homepage not found; naver reservation price not found; naver reservation price not found — price fields left empty",https://search.naver.com/search.naver?where=nexearch&query=%ED%99%94%EC%84%B1%20%EC%83%81%EB%A1%9DG.C,2026-06-19T07:41:09.873Z
gc-5ec5b76d3c22,화성골프클럽,경기도 화성시 남양읍 화성로 1393-27,화성골프클럽,original,화성골프클럽 | 화성GC | 화성G.C | 화성 | 화성골프클럽 네이버 | 화성골프클럽 그린피 | 화성골프클럽 네이버 예약 | 화성골프클럽 화성시,화성골프클럽,naver_scrape,화성GC,경기 화성시 남양읍 화성로 1393-27,031-369-8900,http://www.hwaseonggc.com/,"네이버 예약: 110,000원; 120,000원; 130,000원; 140,000원",110000,140000,reservation_price,2.7,2.7/10,90,"네이버 예약: 110,000원; 120,000원; 130,000원; 140,000원",high,true,"골프장명·주소(시/군/구) 일치, phone/homepage/price 후보 수집; homepage ambiguous; reservation prices: 4; difficulty: 2.7/10",https://search.naver.com/search.naver?where=nexearch&query=%ED%99%94%EC%84%B1%EA%B3%A8%ED%94%84%ED%81%B4%EB%9F%BD,2026-06-19T07:41:15.369Z
gc-98e23645d4c7,휘닉스 컨트리클럽,강원특별자치도 평창군 봉평면 면온리 1018-2,휘닉스 컨트리클럽,original,휘닉스 컨트리클럽 | 휘닉스 CC | 휘닉스 C.C | 휘닉스 컨트리클럽 네이버 | 휘닉스 컨트리클럽 그린피 | 휘닉스 컨트리클럽 네이버 예약 | 휘닉스 컨트리클럽 평창군,휘닉스 컨트리클럽,naver_scrape,휘닉스 CC,강원 평창군 봉평면 태기로 174,1577-0755,https://phoenixhnr.co.kr/static/pyeongchang/golf/phoenix-intro,"네이버 예약: 190,000원; 240,000원",190000,240000,reservation_price,5.3,5.3/10,92,"네이버 예약: 190,000원; 240,000원",high,true,"골프장명·주소(시/군/구) 일치, phone/homepage/price 후보 수집; homepage ambiguous; reservation prices: 2; difficulty: 5.3/10",https://search.naver.com/search.naver?where=nexearch&query=%ED%9C%98%EB%8B%89%EC%8A%A4%20%EC%BB%A8%ED%8A%B8%EB%A6%AC%ED%81%B4%EB%9F%BD,2026-06-19T07:29:22.504Z
gc-3526f59318a4,휘슬링락컨트리클럽,춘천시 남산면 동촌로 501,휘슬링락컨트리클럽,original,휘슬링락컨트리클럽 | 휘슬링락CC | 휘슬링락C.C | 휘슬링락컨트리클럽 네이버 | 휘슬링락컨트리클럽 그린피 | 휘슬링락컨트리클럽 네이버 예약 | 휘슬링락컨트리클럽 춘천시,휘슬링락컨트리클럽,naver_scrape,휘슬링락CC,강원 춘천시 남산면 동촌로 501,033-269-2101,http://www.whistlingrockcc.com/,,,,unknown,4.4,4.4/10,91,,high,true,"골프장명·주소(시/군/구) 일치, phone/homepage/price 후보 수집; homepage ambiguous; naver reservation price not found; difficulty: 4.4/10; naver reservation price not found — price fields left empty",https://search.naver.com/search.naver?where=nexearch&query=%ED%9C%98%EC%8A%AC%EB%A7%81%EB%9D%BD%EC%BB%A8%ED%8A%B8%EB%A6%AC%ED%81%B4%EB%9F%BD,2026-06-19T07:24:20.061Z
gc-d7beeda963dd,힐드로사이컨트리클럽,홍천군 남면 한서로 2840,힐드로사이컨트리클럽,original,힐드로사이컨트리클럽 | 힐드로사이CC | 힐드로사이C.C | 힐드로사이컨트리클럽 네이버 | 힐드로사이컨트리클럽 그린피 | 힐드로사이컨트리클럽 네이버 예약 | 힐드로사이컨트리클럽 홍천군,힐드로사이컨트리클럽,naver_scrape,힐드로사이CC,강원 홍천군 남면 한서로 2840 힐드로사이컨트리클럽,033-439-3300,https://www.hilldeloci.co.kr,"네이버 예약: 220,000원; 240,000원",220000,240000,reservation_price,9.5,9.5/10,95,"네이버 예약: 220,000원; 240,000원",high,true,"골프장명·주소(시/군/구) 일치, phone/homepage/price 후보 수집; homepage ambiguous; reservation prices: 2; difficulty: 9.5/10",https://search.naver.com/search.naver?where=nexearch&query=%ED%9E%90%EB%93%9C%EB%A1%9C%EC%82%AC%EC%9D%B4%EC%BB%A8%ED%8A%B8%EB%A6%AC%ED%81%B4%EB%9F%BD,2026-06-19T07:27:23.149Z
gc-5b16502994d3,O2리조트 골프장,태백시 서학로 861,O2리조트 골프장,original,O2리조트 골프장 | O2리조트 | O2리조트 골프장 네이버 | O2리조트 골프장 그린피 | O2리조트 골프장 네이버 예약 | O2리조트 골프장 태백시,O2리조트 골프장,naver_scrape,O2리조트골프장,서학로 739지번황지동 683,033-580-7700,https://band.us/@ryangolf,,,,unknown,,,,,medium,true,"이름 유사·phone/homepage/price 후보 있음, 주소 확인 약함; phone candidates: 2; naver reservation price not found; naver reservation price not found — price fields left empty",https://search.naver.com/search.naver?where=nexearch&query=O2%EB%A6%AC%EC%A1%B0%ED%8A%B8%20%EA%B3%A8%ED%94%84%EC%9E%A5,2026-06-19T07:26:22.031Z
gc-e6edfdd39527,O2리조트 퍼블릭골프장,태백시 서학로 861,O2리조트 퍼블릭골프장,original,O2리조트 퍼블릭골프장 | O2리조트 퍼블릭 | O2리조트 퍼블릭골프장 네이버 | O2리조트 퍼블릭골프장 그린피 | O2리조트 퍼블릭골프장 네이버 예약 | O2리조트 퍼블릭골프장 태백시,O2리조트 퍼블릭골프장,naver_scrape,O2리조트퍼블릭골프장,서학로 739지번황지동 683,033-580-7700,,,,,unknown,9,9/10,94,,medium,true,"이름 유사·phone/homepage/price 후보 있음, 주소 확인 약함; phone candidates: 3; homepage not found; naver reservation price not found; difficulty: 9/10; naver reservation price not found — price fields left empty",https://search.naver.com/search.naver?where=nexearch&query=O2%EB%A6%AC%EC%A1%B0%ED%8A%B8%20%ED%8D%BC%EB%B8%94%EB%A6%AD%EA%B3%A8%ED%94%84%EC%9E%A5,2026-06-19T07:26:27.695Z
gc-40bd08295048,Oak Hills컨트리클럽,원주시 지정면 오크밸리2길 58,Oak Hills컨트리클럽,original,Oak Hills컨트리클럽 | Oak HillsCC | Oak HillsC.C | Oak Hills컨트리클럽 네이버 | Oak Hills컨트리클럽 그린피 | Oak Hills컨트리클럽 네이버 예약 | Oak Hills컨트리클럽 원주시,Oak Hills컨트리클럽,naver_scrape,OakHills컨트리클럽,,,,,,,unknown,,,,,medium,true,"이름 유사, 주소·후보 필드 확인 필요; homepage not found; naver reservation price not found; naver reservation price not found — price fields left empty",https://search.naver.com/search.naver?where=nexearch&query=Oak%20Hills%EC%BB%A8%ED%8A%B8%EB%A6%AC%ED%81%B4%EB%9F%BD,2026-06-19T07:25:14.212Z
