id,name,address,candidate_title,candidate_address,candidate_phone,candidate_homepage_url,candidate_price_text,candidate_price_min,candidate_price_max,candidate_price_type,candidate_difficulty,candidate_difficulty_text,candidate_avg_score,candidate_reservation_prices_text,source_url,confidence,approve_phone,approve_homepage,approve_price,approve_difficulty,approve_avg_score,review_phone,review_homepage_url,review_price_min,review_price_max,review_price_type,review_difficulty,review_avg_score,review_note,review_status,phone_status,homepage_status,price_status,difficulty_status,avg_score_status,reviewed_at,reviewer_note
gc-a80360466b97,1·2·3 골프장,경기도 고양시 덕양구 통일로 43-168,1·2·3 골프장,,031-681-9992,,,,,unknown,,,,,https://search.naver.com/search.naver?where=nexearch&query=1%C2%B72%C2%B73%20%EA%B3%A8%ED%94%84%EC%9E%A5,medium,,,,,,,,,,,,,,pending,pending,pending,pending,pending,pending,,
gc-13ed08c1c42b,360도 컨트리클럽,경기도 여주시 강천면 부평로 609,360도컨트리클럽,경기 여주시 강천면 부평리 산59-5,031-880-3600,http://www.360cc.co.kr/,,,,unknown,9.8,9.8/10,96,,https://search.naver.com/search.naver?where=nexearch&query=360%EB%8F%84%20%EC%BB%A8%ED%8A%B8%EB%A6%AC%ED%81%B4%EB%9F%BD,high,,,,,,,,,,,,,,pending,pending,pending,pending,pending,pending,,
gc-2fa514959418,강남300 컨트리클럽,경기도 광주시 새말길 353(목동),강남300CC,경기 광주시 새말길 353,031-719-0300,https://www.instagram.com/kangnam300cc/,,,,unknown,3.7,3.7/10,91,,https://search.naver.com/search.naver?where=nexearch&query=%EA%B0%95%EB%82%A8300%20%EC%BB%A8%ED%8A%B8%EB%A6%AC%ED%81%B4%EB%9F%BD,high,,,,,,,,,,,,,,pending,pending,pending,pending,pending,pending,,
gc-8fbc2ee961a0,고양컨트리클럽,경기도 고양시 덕양구 흥도로 304-23,고양컨트리클럽,경기도 고양시 덕양구 흥도로 304-23 (도내동),031-960-7700,,,,,unknown,,,,,https://search.naver.com/search.naver?where=nexearch&query=%EA%B3%A0%EC%96%91%EC%BB%A8%ED%8A%B8%EB%A6%AC%ED%81%B4%EB%9F%BD,high,,,,,,,,,,,,,,pending,pending,pending,pending,pending,pending,,
gc-14e8979016a9,곤지암GC,경기도 광주시 도척면 도척윗로 280,곤지암 골프클럽,경기 광주시 도척면 도척윗로 280 곤지암 골프클럽,031-760-3556,https://www.konjiamgolfclub.co.kr/index.dev,,,,unknown,,,,,https://search.naver.com/search.naver?where=nexearch&query=%EA%B3%A4%EC%A7%80%EC%95%94GC,high,,,,,,,,,,,,,,pending,pending,pending,pending,pending,pending,,
gc-254a1c054bbe,골드컨트리클럽,경기도 용인시 기흥구 기흥단지로 398,골드CC,경기 용인시 기흥구 기흥단지로 398,031-286-8111,http://www.gakorea.com/,"네이버 예약: 200,000원; 220,000원; 290,000원",200000,290000,reservation_price,4.1,4.1/10,91,"네이버 예약: 200,000원; 220,000원; 290,000원",https://search.naver.com/search.naver?where=nexearch&query=%EA%B3%A8%EB%93%9C%EC%BB%A8%ED%8A%B8%EB%A6%AC%ED%81%B4%EB%9F%BD,high,,,,,,,,,,,,,,pending,pending,pending,pending,pending,pending,,
gc-152613ee89f3,골프클럽Q,경기도 안성시 죽산면 장계길 20-229,골프클럽 Q,경기 안성시 죽산면 장계길 20-229,031-8046-7000,http://www.golfclubq.com,"네이버 예약: 200,000원; 220,000원; 240,000원; 250,000원",200000,250000,reservation_price,8.9,8.9/10,94,"네이버 예약: 200,000원; 220,000원; 240,000원; 250,000원",https://search.naver.com/search.naver?where=nexearch&query=%EA%B3%A8%ED%94%84%ED%81%B4%EB%9F%BDQ,high,,,,,,,,,,,,,,pending,pending,pending,pending,pending,pending,,
gc-66517960c8f8,광릉CC(비회원제),경기도 남양주시 진접읍 팔야로 280,광릉CC(비회원),"남양주시 진접읍 팔야로 280 031-528-7001 (월~일) 07:00~19:00 휴무일 : X ㅇ시설유형 : 골프장업 ㅇ부지면적(㎡) : 139,847 ㅇ총면적(㎡) : 139,847 ㅇ이용요금 : 주말4500",031-528-7001,,,,,unknown,,,,,https://search.naver.com/search.naver?where=nexearch&query=%EA%B4%91%EB%A6%89CC(%EB%B9%84%ED%9A%8C%EC%9B%90%EC%A0%9C),high,,,,,,,,,,,,,,pending,pending,pending,pending,pending,pending,,
gc-73a2a3982c35,광릉CC(회원제),경기도 남양주시 진접읍 팔야로 280,광릉CC(회원제),,031-528-7001,,,,,unknown,,,,,https://search.naver.com/search.naver?where=nexearch&query=%EA%B4%91%EB%A6%89CC(%ED%9A%8C%EC%9B%90%EC%A0%9C),medium,,,,,,,,,,,,,,pending,pending,pending,pending,pending,pending,,
gc-0f218a599984,국가보훈부 88골프장,경기도 용인시 기흥구 석성로 521번길 169,open-maru.com›업체›국가보훈부88골프장,경기도 용인시 기흥구 석성로521번길 169,1811-1360,,,,,unknown,,,,,https://search.naver.com/search.naver?where=nexearch&query=%EA%B5%AD%EA%B0%80%EB%B3%B4%ED%9B%88%EB%B6%80%2088%EA%B3%A8%ED%94%84%EC%9E%A5%20%EB%84%A4%EC%9D%B4%EB%B2%84,high,,,,,,,,,,,,,,pending,pending,pending,pending,pending,pending,,
gc-bed5fc0dc1f2,그린힐 컨트리클럽,경기도 광주시 곤지암읍 내선길 176,그린힐CC,경기 광주시 곤지암읍 내선길 176,031-799-8500,https://www.shinangolf.com/,,,,unknown,4.4,4.4/10,91,,https://search.naver.com/search.naver?where=nexearch&query=%EA%B7%B8%EB%A6%B0%ED%9E%90%20%EC%BB%A8%ED%8A%B8%EB%A6%AC%ED%81%B4%EB%9F%BD,high,,,,,,,,,,,,,,pending,pending,pending,pending,pending,pending,,
gc-748b687096d1,글렌로스 골프클럽,경기도 용인시 처인구 포곡읍 에버랜드로 562번길 69,글렌로스골프클럽,경기 용인시 처인구 포곡읍 에버랜드로562번길 69 글렌로스골프클럽,031-320-9601,https://www.benestgolf.com,"네이버 예약: 290,000원",290000,290000,reservation_price,2.2,2.2/10,89,"네이버 예약: 290,000원",https://search.naver.com/search.naver?where=nexearch&query=%EA%B8%80%EB%A0%8C%EB%A1%9C%EC%8A%A4%20%EA%B3%A8%ED%94%84%ED%81%B4%EB%9F%BD,high,,,,,,,,,,,,,,pending,pending,pending,pending,pending,pending,,
gc-3f6cace5bf14,금강컨트리클럽(대중),경기도 여주시 가남읍 여주남로 541,금강컨트리클럽(대중),"바로 여주에 위치한 금강cc입니다. 넓고 시원한 페어웨이, 뛰어난 접근성, 깔끔한 클럽하우스 시설까지 갖추고 있어 개인은... 금강cc 기본정보 구분 내용 골프장명 금강컨트리클럽 운영사 (주)금강레저 위치 경기도 여",,,,,,unknown,,,,,https://search.naver.com/search.naver?where=nexearch&query=%EA%B8%88%EA%B0%95%EC%BB%A8%ED%8A%B8%EB%A6%AC%ED%81%B4%EB%9F%BD(%EB%8C%80%EC%A4%91),medium,,,,,,,,,,,,,,pending,pending,pending,pending,pending,pending,,
gc-8a797fe2213a,금강컨트리클럽(회원),경기도 여주시 가남읍 여주남로 541,금강컨트리클럽(회원),오늘은 실제 상담하면서 가장 많이 물어보시는 내용 중심으로 금강CC 회원권가격 / 회원구성 / 이용요금 / 회원권매수 포인트 / 회원권매도 흐름까지 한 번에 정리해드리겠습니다. 금강CC 기본정보 금강컨트리클럽 운영사,,,,,,unknown,,,,,https://search.naver.com/search.naver?where=nexearch&query=%EA%B8%88%EA%B0%95%EC%BB%A8%ED%8A%B8%EB%A6%AC%ED%81%B4%EB%9F%BD(%ED%9A%8C%EC%9B%90),medium,,,,,,,,,,,,,,pending,pending,pending,pending,pending,pending,,
gc-7701abd77260,기흥컨트리클럽,경기도 화성시 풀무골로106번길 244,기흥CC,경기 화성시 풀무골로106번길 244,031-376-4001,http://www.ghcc.kr/,,,,unknown,1.7,1.7/10,89,,https://search.naver.com/search.naver?where=nexearch&query=%EA%B8%B0%ED%9D%A5%EC%BB%A8%ED%8A%B8%EB%A6%AC%ED%81%B4%EB%9F%BD,high,,,,,,,,,,,,,,pending,pending,pending,pending,pending,pending,,
gc-a68be6870289,김포SEASIDE 컨트리클럽,경기도 김포시 월곶면 김포대로 2081번길 219,김포SEASIDE컨트리클럽,경기도 김포시 월곶면 김포대로2801번길 219,031-987-9992,http://www.gimpocc.co.kr,,,,unknown,,,,,https://search.naver.com/search.naver?where=nexearch&query=%EA%B9%80%ED%8F%ACSEASIDE%20%EC%BB%A8%ED%8A%B8%EB%A6%AC%ED%81%B4%EB%9F%BD,high,,,,,,,,,,,,,,pending,pending,pending,pending,pending,pending,,
gc-1475a1d902d7,남부컨트리클럽,경기도 용인시 기흥구 사은로 163,남부CC,경기 용인시 기흥구 사은로 163,031-280-4100,http://www.namboocc.co.kr/,,,,unknown,,,,,https://search.naver.com/search.naver?where=nexearch&query=%EB%82%A8%EB%B6%80%EC%BB%A8%ED%8A%B8%EB%A6%AC%ED%81%B4%EB%9F%BD,high,,,,,,,,,,,,,,pending,pending,pending,pending,pending,pending,,
gc-210de13c89f8,남서울컨트리클럽,경기도 성남시 분당구 판교백현로 161,남서울CC,경기 성남시 분당구 판교백현로 161,031-709-6000,http://www.nscc.co.kr/,,,,unknown,4.6,4.6/10,91,,https://search.naver.com/search.naver?where=nexearch&query=%EB%82%A8%EC%84%9C%EC%9A%B8%EC%BB%A8%ED%8A%B8%EB%A6%AC%ED%81%B4%EB%9F%BD,high,,,,,,,,,,,,,,pending,pending,pending,pending,pending,pending,,
gc-29fa36946d15,남양주CC,경기도 남양주시 오남읍 진건오남로 516-31,남양주CC,경기 남양주시 오남읍 진건오남로 516-31,031-529-6060,http://www.namyangjucc.co.kr/,"네이버 예약: 139,000원; 159,000원; 169,000원; 199,000원",139000,199000,reservation_price,8.8,8.8/10,94,"네이버 예약: 139,000원; 159,000원; 169,000원; 199,000원",https://search.naver.com/search.naver?where=nexearch&query=%EB%82%A8%EC%96%91%EC%A3%BCCC,high,,,,,,,,,,,,,,pending,pending,pending,pending,pending,pending,,
gc-59ee5f28d2c8,남여주대중골프장,경기도 여주시 가여로 532,남여주대중골프장,경기도 여주시 가여로 532 (하거동),031-880-6700,http://www.namyeoju.co.kr,,,,unknown,,,,,https://search.naver.com/search.naver?where=nexearch&query=%EB%82%A8%EC%97%AC%EC%A3%BC%EB%8C%80%EC%A4%91%EA%B3%A8%ED%94%84%EC%9E%A5,high,,,,,,,,,,,,,,pending,pending,pending,pending,pending,pending,,
gc-e04bb1d7bba9,남촌컨트리클럽,경기도 광주시 곤지암읍 부항길 135-38,남촌 골프클럽,경기 광주시 곤지암읍 부항길 135-38,031-769-0333,https://www.youtube.com/@NamchonGolfClub,,,,unknown,2.1,2.1/10,89,,https://search.naver.com/search.naver?where=nexearch&query=%EB%82%A8%EC%B4%8C%EC%BB%A8%ED%8A%B8%EB%A6%AC%ED%81%B4%EB%9F%BD,high,,,,,,,,,,,,,,pending,pending,pending,pending,pending,pending,,
gc-fa1419df8b1e,남춘천컨트리클럽,춘천시 신동면 오봉길 156,남춘천CC,강원 춘천시 신동면 오봉길 156,033-269-3000,http://www.namchuncheon.co.kr/,,,,unknown,9.3,9.3/10,94,,https://search.naver.com/search.naver?where=nexearch&query=%EB%82%A8%EC%B6%98%EC%B2%9C%EC%BB%A8%ED%8A%B8%EB%A6%AC%ED%81%B4%EB%9F%BD,high,,,,,,,,,,,,,,pending,pending,pending,pending,pending,pending,,
gc-d5cd483c8c94,노스팜 컨트리클럽,경기도 파주시 광탄면 쇠장이길 265,노스팜CC,경기 파주시 광탄면 쇠장이길 265,031-950-6900,http://www.npcc.co.kr/,,,,unknown,7.7,7.7/10,93,,https://search.naver.com/search.naver?where=nexearch&query=%EB%85%B8%EC%8A%A4%ED%8C%9C%20%EC%BB%A8%ED%8A%B8%EB%A6%AC%ED%81%B4%EB%9F%BD,high,,,,,,,,,,,,,,pending,pending,pending,pending,pending,pending,,
gc-3c54aee76615,뉴서울컨트리클럽,경기도 광주시 삼지곡길 95(삼동),뉴서울CC,경기 광주시 삼지곡길 95,031-762-5672,https://www.newseoulgolf.co.kr,,,,unknown,1.9,1.9/10,89,,https://search.naver.com/search.naver?where=nexearch&query=%EB%89%B4%EC%84%9C%EC%9A%B8%EC%BB%A8%ED%8A%B8%EB%A6%AC%ED%81%B4%EB%9F%BD,high,,,,,,,,,,,,,,pending,pending,pending,pending,pending,pending,,
gc-eb40a22304aa,뉴스프링빌골프장,경기도 이천시 모가면 사실로 527번길 158,뉴스프링빌 컨트리클럽,경기 이천시 모가면 두미리 산76,031-630-7500,http://www.newspringvillecc.co.kr/,,,,unknown,1.7,1.7/10,89,,https://search.naver.com/search.naver?where=nexearch&query=%EB%89%B4%EC%8A%A4%ED%94%84%EB%A7%81%EB%B9%8C%EA%B3%A8%ED%94%84%EC%9E%A5,high,,,,,,,,,,,,,,pending,pending,pending,pending,pending,pending,,
gc-9b37cfc9caa8,뉴스프링빌골프장(대중형),경기도 이천시 모가면 사실로 527번길 158,뉴스프링빌CC 골프회원권 종류별 그린피 차이 제대로 알려드립니다,"경기도 이천시 모가면 사실로527번길 158, 뉴스프링빌C.C.에 위치한 뉴스프링빌골프장의 상세 정보. 시설 면적, 운영 형태, 위치 정보를 확인하세요.",,https://band.us/@ryangolf,,,,unknown,,,,,https://search.naver.com/search.naver?where=nexearch&query=%EB%89%B4%EC%8A%A4%ED%94%84%EB%A7%81%EB%B9%8C%EA%B3%A8%ED%94%84%EC%9E%A5(%EB%8C%80%EC%A4%91%ED%98%95)%20%EA%B7%B8%EB%A6%B0%ED%94%BC,low,,,,,,,,,,,,,,pending,pending,pending,pending,pending,pending,,
gc-3b60b2dadb3f,뉴코리아 컨트리클럽,경기도 고양시 덕양구 신원2로 57,뉴코리아CC,경기 고양시 덕양구 신원2로 57,031-281-6613,http://www.newkoreacc.co.kr/,,,,unknown,3.2,3.2/10,90,,https://search.naver.com/search.naver?where=nexearch&query=%EB%89%B4%EC%BD%94%EB%A6%AC%EC%95%84%20%EC%BB%A8%ED%8A%B8%EB%A6%AC%ED%81%B4%EB%9F%BD,high,,,,,,,,,,,,,,pending,pending,pending,pending,pending,pending,,
gc-b046571c4182,더반 골프클럽,경기도 이천시 대월면 대월로 627-141,더반GC,경기 이천시 대월면 대월로 627-141 더반골프클럽,031-645-6100,http://www.theban.co.kr/,,,,unknown,5.5,5.5/10,92,,https://search.naver.com/search.naver?where=nexearch&query=%EB%8D%94%EB%B0%98%20%EA%B3%A8%ED%94%84%ED%81%B4%EB%9F%BD,high,,,,,,,,,,,,,,pending,pending,pending,pending,pending,pending,,
gc-a15f33b9f89a,더스타휴 컨트리클럽,경기도 양평군 양동면 양동로 756,더스타휴컨트리클럽,더스타휴골프컨트리클럽. 운영: GS차지비. 완속 3기. 7kWkW. 주소: 경기도 양평군 양동면 양동로 756.,031-770-9900,https://www.youtube.com/channel/UCkKRXhkY6fcLVT8MLc3FH3Q/join,"네이버 예약: 90,970원",90970,90970,reservation_price,,,,"네이버 예약: 90,970원",https://search.naver.com/search.naver?where=nexearch&query=%EB%8D%94%EC%8A%A4%ED%83%80%ED%9C%B4%20%EC%BB%A8%ED%8A%B8%EB%A6%AC%ED%81%B4%EB%9F%BD,high,,,,,,,,,,,,,,pending,pending,pending,pending,pending,pending,,
gc-d76bd69feda5,더크로스비골프클럽,경기도 이천시 호법면 중부대로798번길 177,더 크로스비 골프클럽,경기 이천시 호법면 중부대로798번길 177,031-730-8600,http://www.thecrosbygc.co.kr,"네이버 예약: 250,000원; 280,000원",250000,280000,reservation_price,3.8,3.8/10,91,"네이버 예약: 250,000원; 280,000원",https://search.naver.com/search.naver?where=nexearch&query=%EB%8D%94%ED%81%AC%EB%A1%9C%EC%8A%A4%EB%B9%84%EA%B3%A8%ED%94%84%ED%81%B4%EB%9F%BD,high,,,,,,,,,,,,,,pending,pending,pending,pending,pending,pending,,
gc-56c3be8c5a61,더플레이어스 골프클럽,춘천시 동산면 새술막길 438,CLUBD - 클럽디 더플레이어스,"더플레이어스골프클럽 실내골프연습장. 주소: 강원도 춘천시 동산면 새술막길 438, 전화: 033-250-5000. 강원도 춘천시 위치, 지도 및 편의시설 정보를 확인하세요.",033-250-5000,https://www.clubd.com/theplayers/index.do,,,,unknown,,,,,https://search.naver.com/search.naver?where=nexearch&query=%EB%8D%94%ED%94%8C%EB%A0%88%EC%9D%B4%EC%96%B4%EC%8A%A4%20%EA%B3%A8%ED%94%84%ED%81%B4%EB%9F%BD,high,,,,,,,,,,,,,,pending,pending,pending,pending,pending,pending,,
gc-63e74643a178,더헤븐 컨트리클럽,경기도 안산시 단원구 대선로466(대부남동),더헤븐컨트리클럽,"경기도 안산시 단원구 대선로 466, ㈜더헤븐리조트 (대부남동)에 위치한 더헤븐 컨트리클럽의 상세 정보. 시설 면적, 운영 형태, 위치 정보를 확인하세요.",032-884-1004,,,,,unknown,,,,,https://search.naver.com/search.naver?where=nexearch&query=%EB%8D%94%ED%97%A4%EB%B8%90%20%EC%BB%A8%ED%8A%B8%EB%A6%AC%ED%81%B4%EB%9F%BD,high,,,,,,,,,,,,,,pending,pending,pending,pending,pending,pending,,
gc-908385d35939,동강시스타 골프장,영월군 영월읍 사지막길 160,동강시스타CC,강원 영월군 영월읍 삼옥리 산135,033-905-2030,http://www.cistar.co.kr/,"네이버 예약: 80,000원; 150,000원; 160,000원",80000,160000,reservation_price,8.6,8.6/10,94,"네이버 예약: 80,000원; 150,000원; 160,000원",https://search.naver.com/search.naver?where=nexearch&query=%EB%8F%99%EA%B0%95%EC%8B%9C%EC%8A%A4%ED%83%80%20%EA%B3%A8%ED%94%84%EC%9E%A5,high,,,,,,,,,,,,,,pending,pending,pending,pending,pending,pending,,
gc-3eb069c5fb2a,동서울레스피아,원주시 지정면 신평석화로 236,동서울레스피아,(우) 26358 강원도 원주시 신평석화로 236,031-595-5168,http://www.respia.com,,,,unknown,,,,,https://search.naver.com/search.naver?where=nexearch&query=%EB%8F%99%EC%84%9C%EC%9A%B8%EB%A0%88%EC%8A%A4%ED%94%BC%EC%95%84,high,,,,,,,,,,,,,,pending,pending,pending,pending,pending,pending,,
gc-e494f9e1ff69,동원썬밸리컨트리클럽,횡성군 서원면 서원서로339번길 90,동원썬밸리CC,강원 횡성군 서원면 서원서로339번길 90 동원썬밸리CC,033-344-5308,https://www.sunvalley.co.kr/dongwon/golf/intro,,,,unknown,5.3,5.3/10,92,,https://search.naver.com/search.naver?where=nexearch&query=%EB%8F%99%EC%9B%90%EC%8D%AC%EB%B0%B8%EB%A6%AC%EC%BB%A8%ED%8A%B8%EB%A6%AC%ED%81%B4%EB%9F%BD,high,,,,,,,,,,,,,,pending,pending,pending,pending,pending,pending,,
gc-18f9f355721d,라데나골프클럽,춘천시 신동면 칠전동길 72,라데나 골프클럽,강원 춘천시 신동면 칠전동길 72 라데나클럽,033-260-1114,https://www.ladena.co.kr,"네이버 예약: 250,000원; 270,000원",250000,270000,reservation_price,6.4,6.4/10,92,"네이버 예약: 250,000원; 270,000원",https://search.naver.com/search.naver?where=nexearch&query=%EB%9D%BC%EB%8D%B0%EB%82%98%EA%B3%A8%ED%94%84%ED%81%B4%EB%9F%BD,high,,,,,,,,,,,,,,,,,,,,,
gc-ee03e5ddbe9f,라비돌컨트리클럽,경기도 화성시 정남면 세자로 286,라비돌CC,경기 화성시 정남면 세자로 286,031-352-4457,https://www.laviedor.com/la_cc1.asp,"네이버 예약: 140,000원; 145,000원",140000,145000,reservation_price,4.4,4.4/10,91,"네이버 예약: 140,000원; 145,000원",https://search.naver.com/search.naver?where=nexearch&query=%EB%9D%BC%EB%B9%84%EB%8F%8C%EC%BB%A8%ED%8A%B8%EB%A6%AC%ED%81%B4%EB%9F%BD,high,,,,,,,,,,,,,,pending,pending,pending,pending,pending,pending,,
gc-a78a36b9d428,라비에벨컨트리클럽,춘천시 동산면 종자리로 436,라비에벨CC,강원 춘천시 동산면 종자리로 436 라비에벨 골프&리조트,033-245-7000,https://lavieestbellegolfnresort.com/default.asp,,,,unknown,,,18,,https://search.naver.com/search.naver?where=nexearch&query=%EB%9D%BC%EB%B9%84%EC%97%90%EB%B2%A8%EC%BB%A8%ED%8A%B8%EB%A6%AC%ED%81%B4%EB%9F%BD,high,,,,,,,,,,,,,,pending,pending,pending,pending,pending,pending,,
gc-81ecacc0ae41,라싸 골프클럽,경기도 포천시 이동면 제비울2길 161,라싸골프클럽,경기 포천시 이동면 제비울2길 161,031-538-0600,http://www.lassagc.com,,,,unknown,9.8,9.8/10,95,,https://search.naver.com/search.naver?where=nexearch&query=%EB%9D%BC%EC%8B%B8%20%EA%B3%A8%ED%94%84%ED%81%B4%EB%9F%BD,high,,,,,,,,,,,,,,pending,pending,pending,pending,pending,pending,,
gc-e684f84c8fa4,레이크사이드CC(대중제),경기도 용인시 처인구 모현읍 능원로 181,레이크사이드CC(대중제),레이크사이드cc 기본정보 위치 경기도 용인시 처인구 모현읍 능원로 181 모기업 삼성 규모 총 54홀 (회원제 18홀/대중제36홀) 삼성에서 운영하는 수도권 인기구장... ▼▼▼▼▼▼▼▼▼ #레이크사이드cc회원권 #,,,,,,unknown,,,,,https://search.naver.com/search.naver?where=nexearch&query=%EB%A0%88%EC%9D%B4%ED%81%AC%EC%82%AC%EC%9D%B4%EB%93%9CCC(%EB%8C%80%EC%A4%91%EC%A0%9C),high,,,,,,,,,,,,,,pending,pending,pending,pending,pending,pending,,
gc-588d348bc962,레이크사이드CC(회원제),경기도 용인시 처인구 모현읍 능원로 181,레이크사이드CC(회원제),능원로 181지번능원리 산5-12,031-334-2111,,,,,unknown,,,,,https://search.naver.com/search.naver?where=nexearch&query=%EB%A0%88%EC%9D%B4%ED%81%AC%EC%82%AC%EC%9D%B4%EB%93%9CCC(%ED%9A%8C%EC%9B%90%EC%A0%9C),medium,,,,,,,,,,,,,,pending,pending,pending,pending,pending,pending,,
gc-310ce4be2e54,레이크우드 골프장(비회원제),경기도 양주시 만송로 244,레이크우드골프장(비회원제),■ 골프장명 : 레이크우드CC (레이크 코스- 물길-꽃길) ■ 라운드 일시 : 2025.10.26(일) 12시32분 ■ 골프장 지역 : 경기도 양주시 ■ 그린피 : 비회원 30만원 (아랑님 지원으로 50% 할인) ■,031-820-1500,,,,,unknown,,,,,https://search.naver.com/search.naver?where=nexearch&query=%EB%A0%88%EC%9D%B4%ED%81%AC%EC%9A%B0%EB%93%9C%20%EA%B3%A8%ED%94%84%EC%9E%A5(%EB%B9%84%ED%9A%8C%EC%9B%90%EC%A0%9C),high,,,,,,,,,,,,,,pending,pending,pending,pending,pending,pending,,
gc-f2cf5d51eba9,레이크우드 골프장(회원제),경기도 양주시 만송로 244,레이크우드골프장(회원제),만송로 244지번만송동 510-1,031-820-1500,,,,,unknown,,,,,https://search.naver.com/search.naver?where=nexearch&query=%EB%A0%88%EC%9D%B4%ED%81%AC%EC%9A%B0%EB%93%9C%20%EA%B3%A8%ED%94%84%EC%9E%A5(%ED%9A%8C%EC%9B%90%EC%A0%9C),medium,,,,,,,,,,,,,,pending,pending,pending,pending,pending,pending,,
gc-657d8f5d1426,렉스필드 컨트리클럽(비회원),경기도 여주시 산북면 광여로 1115,렉스필드 컨트리클럽,"렉스필드CC 2026 회원권 시세와 그린피 혜택 한눈에 보기 ▶ 1문단 | 경기도 여주가 자랑하는 명문 프라이빗 클럽, 렉스필드CC 렉스필드CC는 경기도 여주시 산북면 광여로 115에 위치한... ▸ 동반·위임 혜택",031-880-8700,,,,,unknown,,,,,https://search.naver.com/search.naver?where=nexearch&query=%EB%A0%89%EC%8A%A4%ED%95%84%EB%93%9C%20%EC%BB%A8%ED%8A%B8%EB%A6%AC%ED%81%B4%EB%9F%BD(%EB%B9%84%ED%9A%8C%EC%9B%90),high,,,,,,,,,,,,,,pending,pending,pending,pending,pending,pending,,
gc-61ba4f976442,렉스필드 컨트리클럽(회원),경기도 여주시 산북면 광여로 1115,렉스필드컨트리클럽(회원),"골프장 및 회원권 정보 ; 골프장명 : 렉스필드cc, 홀수 : 18홀, 개장일 : 2003-09-02, 회원수 : 365, 주소 : 경기 여주시 산북면 광여로 1115 · 지도보기, 회원권 종류 : 일반 / 무기명,",031-880-8700,,,,,unknown,,,,,https://search.naver.com/search.naver?where=nexearch&query=%EB%A0%89%EC%8A%A4%ED%95%84%EB%93%9C%20%EC%BB%A8%ED%8A%B8%EB%A6%AC%ED%81%B4%EB%9F%BD(%ED%9A%8C%EC%9B%90),high,,,,,,,,,,,,,,pending,pending,pending,pending,pending,pending,,
gc-6b8298356e4e,로드힐스골프클럽,춘천시 동산면 종자리로 148-16,로드힐스 골프 & 리조트,강원 춘천시 동산면 종자리로 136 로드힐스 골프&리조트,033-269-8888,https://lordhills.co.kr,,,,unknown,7.8,7.8/10,93,,https://search.naver.com/search.naver?where=nexearch&query=%EB%A1%9C%EB%93%9C%ED%9E%90%EC%8A%A4%EA%B3%A8%ED%94%84%ED%81%B4%EB%9F%BD,high,,,,,,,,,,,,,,pending,pending,pending,pending,pending,pending,,
gc-4cbc2f4feecc,로제비앙GC,경기 광주시 곤지암읍 오향리 156-1,로제비앙 골프클럽 곤지암,경기 광주시 곤지암읍 오향길 180,031-799-6000,https://www.logebiengc.com/,,,,unknown,8,8/10,93,,https://search.naver.com/search.naver?where=nexearch&query=%EB%A1%9C%EC%A0%9C%EB%B9%84%EC%95%99GC,medium,,,,,,,,,,,,,,pending,pending,pending,pending,pending,pending,,
gc-4731f8c98a6d,리베라컨트리클럽,경기도 화성시 중리길 183,리베라CC,경기 화성시 동탄구 중리길 183,031-8047-8000,https://www.shinangolf.com/,,,,unknown,3.8,3.8/10,91,,https://search.naver.com/search.naver?where=nexearch&query=%EB%A6%AC%EB%B2%A0%EB%9D%BC%EC%BB%A8%ED%8A%B8%EB%A6%AC%ED%81%B4%EB%9F%BD,high,,,,,,,,,,,,,,pending,pending,pending,pending,pending,pending,,
gc-c77232b99bd6,링크나인골프클럽,경기도 화성시 마도면 해운로630번길 49,링크나인GC,경기 화성시 마도면 해운로630번길 49,031-831-0900,http://www.linknine.co.kr/,,,,unknown,3.1,3.1/10,90,,https://search.naver.com/search.naver?where=nexearch&query=%EB%A7%81%ED%81%AC%EB%82%98%EC%9D%B8%EA%B3%A8%ED%94%84%ED%81%B4%EB%9F%BD,high,,,,,,,,,,,,,,pending,pending,pending,pending,pending,pending,,
gc-0151ec2b5b3a,마에스트로 CC,경기도 안성시 양성면 안성맞춤대로 2134-36,마에스트로CC,경기 안성시 양성면 안성맞춤대로 2134-36,031-8046-1000,http://www.maestrocc.co.kr/,"네이버 예약: 220,000원; 230,000원",220000,230000,reservation_price,8.8,8.8/10,94,"네이버 예약: 220,000원; 230,000원",https://search.naver.com/search.naver?where=nexearch&query=%EB%A7%88%EC%97%90%EC%8A%A4%ED%8A%B8%EB%A1%9C%20CC,high,,,,,,,,,,,,,,pending,pending,pending,pending,pending,pending,,
gc-fde386e28664,마이다스레이크 이천 골프&리조트,경기도 이천시 설성면 설가로 602,마이다스레이크이천골프&리조트그린피,경기도 이천시 설성면 설가로 602,031-640-0123,,,,,unknown,,,,,https://search.naver.com/search.naver?where=nexearch&query=%EB%A7%88%EC%9D%B4%EB%8B%A4%EC%8A%A4%EB%A0%88%EC%9D%B4%ED%81%AC%20%EC%9D%B4%EC%B2%9C%20%EA%B3%A8%ED%94%84%26%EB%A6%AC%EC%A1%B0%ED%8A%B8%20%EA%B7%B8%EB%A6%B0%ED%94%BC,high,,,,,,,,,,,,,,pending,pending,pending,pending,pending,pending,,
gc-14a40331e62c,마이다스밸리 청평 골프클럽,경기도 가평군 설악면 다락재로 73-111,마이다스밸리 청평 골프클럽,경기 가평군 설악면 다락재로 73-111,031-589-9000,http://www.midasgolf.co.kr/,,,,unknown,4.4,4.4/10,91,,https://search.naver.com/search.naver?where=nexearch&query=%EB%A7%88%EC%9D%B4%EB%8B%A4%EC%8A%A4%EB%B0%B8%EB%A6%AC%20%EC%B2%AD%ED%8F%89%20%EA%B3%A8%ED%94%84%ED%81%B4%EB%9F%BD,high,,,,,,,,,,,,,,pending,pending,pending,pending,pending,pending,,
gc-b768a2002431,메이플비치골프&리조트,강릉시 강동면 풍호길 300-78,메이플비치골프&리조트,,033-650-0020,,,,,unknown,,,,,https://search.naver.com/search.naver?where=nexearch&query=%EB%A9%94%EC%9D%B4%ED%94%8C%EB%B9%84%EC%B9%98%EA%B3%A8%ED%94%84%26%EB%A6%AC%EC%A1%B0%ED%8A%B8,medium,,,,,,,,,,,,,,pending,pending,pending,pending,pending,pending,,
gc-9d709ff43c33,몽베르 컨트리클럽(비회원제),경기 포천시 영북면 산정리 산 60,몽베르CC(비회원제),,,,,,,unknown,,,,,https://search.naver.com/search.naver?where=nexearch&query=%EB%AA%BD%EB%B2%A0%EB%A5%B4%20CC(%EB%B9%84%ED%9A%8C%EC%9B%90%EC%A0%9C),medium,,,,,,,,,,,,,,pending,pending,pending,pending,pending,pending,,
gc-1914b4243487,몽베르 컨트리클럽(회원제),경기도 포천시 영북면 산정호수로 359-12,몽베르CC,2024.12.03.포천에 위치한 몽베르 CC는 이름은 많이 들어봤는데 방문은 이번이 처음이에요. 몽베르컨트리클럽 회원제골프장 경기 포천시 영북면 산정호수로 359-12 전화번호 : 031-531-1100... 경기,031-531-1100,,,,,unknown,,,,,https://search.naver.com/search.naver?where=nexearch&query=%EB%AA%BD%EB%B2%A0%EB%A5%B4%20%EC%BB%A8%ED%8A%B8%EB%A6%AC%ED%81%B4%EB%9F%BD(%ED%9A%8C%EC%9B%90%EC%A0%9C),high,,,,,,,,,,,,,,pending,pending,pending,pending,pending,pending,,
gc-2db2d6cad688,발리오스컨트리클럽(비회원제),경기도 화성시 팔탄면 3.1만세로 641-28,발리오스 컨트리클럽,경기도 화성시 팔탄면 3.1만세로 641-28,031-352-5061,,,,,unknown,,,,,https://search.naver.com/search.naver?where=nexearch&query=%EB%B0%9C%EB%A6%AC%EC%98%A4%EC%8A%A4%EC%BB%A8%ED%8A%B8%EB%A6%AC%ED%81%B4%EB%9F%BD(%EB%B9%84%ED%9A%8C%EC%9B%90%EC%A0%9C),high,,,,,,,,,,,,,,pending,pending,pending,pending,pending,pending,,
gc-ccb45b4f27e1,발리오스컨트리클럽(회원제),경기도 화성시 팔탄면 3.1만세로 641-28,발리오스 컨트리클럽,3.1만세로 641-28지번화당리 79-1,031-352-5061,,,,,unknown,,,,,https://search.naver.com/search.naver?where=nexearch&query=%EB%B0%9C%EB%A6%AC%EC%98%A4%EC%8A%A4%EC%BB%A8%ED%8A%B8%EB%A6%AC%ED%81%B4%EB%9F%BD(%ED%9A%8C%EC%9B%90%EC%A0%9C),medium,,,,,,,,,,,,,,pending,pending,pending,pending,pending,pending,,
gc-fb2e8a3b34d8,베스트밸리 골프클럽,경기도 파주시 광탄면 장지산로200번길 32-41,베스트밸리GC,경기도 파주시 광탄면 장지산로200번길 32-41,031-950-7777,http://www.dennisgc.com,,,,unknown,,,,,https://search.naver.com/search.naver?where=nexearch&query=%EB%B2%A0%EC%8A%A4%ED%8A%B8%EB%B0%B8%EB%A6%AC%20%EA%B3%A8%ED%94%84%ED%81%B4%EB%9F%BD,high,,,,,,,,,,,,,,pending,pending,pending,pending,pending,pending,,
gc-d7a401a860d3,베어크리크 춘천,춘천시 신동면 김유정로 730,베어크리크 춘천,강원 춘천시 신동면 김유정로 730 베어크리크 춘천,1899-0115,https://www.bearcreek.co.kr/,,,,unknown,,,,,https://search.naver.com/search.naver?where=nexearch&query=%EB%B2%A0%EC%96%B4%ED%81%AC%EB%A6%AC%ED%81%AC%20%EC%B6%98%EC%B2%9C,high,,,,,,,,,,,,,,pending,pending,pending,pending,pending,pending,,
gc-fb0d61e3914d,베어크리크골프클럽,경기도 포천시 화현면 달인동로 35,베어크리크 골프클럽,경기도 포천시 화현면 지현리 산2-1,031-533-9575,https://naver.me/GpazYX8d,,,,unknown,,,,,https://search.naver.com/search.naver?where=nexearch&query=%EB%B2%A0%EC%96%B4%ED%81%AC%EB%A6%AC%ED%81%AC%EA%B3%A8%ED%94%84%ED%81%B4%EB%9F%BD,high,,,,,,,,,,,,,,pending,pending,pending,pending,pending,pending,,
gc-fac50b03683e,벨라45 오너스 컨트리클럽,횡성군 서원면 창촌리 산132,벨라45오너스컨트리클럽,"강원특별자치도 횡성군 서원면 서원남로 80-0에 위치한 벨라45 오너스 컨트리클럽의 상세 정보. 시설 면적, 운영 형태, 위치 정보를 확인하세요.",02-0120-2400,,,,,unknown,,,,,https://search.naver.com/search.naver?where=nexearch&query=%EB%B2%A8%EB%9D%BC45%20%EC%98%A4%EB%84%88%EC%8A%A4%20%EC%BB%A8%ED%8A%B8%EB%A6%AC%ED%81%B4%EB%9F%BD,high,,,,,,,,,,,,,,pending,pending,pending,pending,pending,pending,,
gc-a09581c58781,벨라45마스터스 컨트리클럽,횡성군 서원면 창촌리 산124,벨라45마스터스컨트리클럽,"강원특별자치도 횡성군 서원면 서원남로 80-0에 위치한 벨라45 마스터스 컨트리클럽의 상세 정보. 시설 면적, 운영 형태, 위치 정보를 확인하세요.",02-0120-2400,http://www.bella45.com,,,,unknown,,,,,https://search.naver.com/search.naver?where=nexearch&query=%EB%B2%A8%EB%9D%BC45%EB%A7%88%EC%8A%A4%ED%84%B0%EC%8A%A4%20%EC%BB%A8%ED%8A%B8%EB%A6%AC%ED%81%B4%EB%9F%BD,high,,,,,,,,,,,,,,pending,pending,pending,pending,pending,pending,,
gc-43114c6913bc,벨라스톤컨트리클럽,횡성군 서원면 옥계9길 124,벨라스톤컨트리클럽,강원 횡성군 서원면 옥계9길 124,033-340-9000,http://www.bellastonecc.com/,"네이버 예약: 149,000원; 169,000원; 174,000원; 179,000원; 189,000원",149000,189000,reservation_price,7,7/10,93,"네이버 예약: 149,000원; 169,000원; 174,000원; 179,000원; 189,000원",https://search.naver.com/search.naver?where=nexearch&query=%EB%B2%A8%EB%9D%BC%EC%8A%A4%ED%86%A4%EC%BB%A8%ED%8A%B8%EB%A6%AC%ED%81%B4%EB%9F%BD,high,,,,,,,,,,,,,,pending,pending,pending,pending,pending,pending,,
gc-788ff880fb4f,블랙밸리컨트리클럽,삼척시 도계읍 도상로 307-84,블랙밸리CC,강원 삼척시 도계읍 도상로 307-84,033-540-5300,http://www.blackcc.co.kr/,"네이버 예약: 90,000원; 130,000원",90000,130000,reservation_price,8.9,8.9/10,94,"네이버 예약: 90,000원; 130,000원",https://search.naver.com/search.naver?where=nexearch&query=%EB%B8%94%EB%9E%99%EB%B0%B8%EB%A6%AC%EC%BB%A8%ED%8A%B8%EB%A6%AC%ED%81%B4%EB%9F%BD,high,,,,,,,,,,,,,,pending,pending,pending,pending,pending,pending,,
gc-9de1c40fef77,블랙스톤골프장(대중형),경기도 이천시 장호원읍 장여로 459-160,블랙스톤골프장(대중형),"2026.01.18.블랙스톤골프장(대중형)는 연락처는 03163008** 입니다. 경기도 이천시 장호원읍 풍계리 41-41 에 위치해 있으며, 위치 정보 및 전화번호는 본문을 확인하세요.",,,,,,unknown,,,,,https://search.naver.com/search.naver?where=nexearch&query=%EB%B8%94%EB%9E%99%EC%8A%A4%ED%86%A4%EA%B3%A8%ED%94%84%EC%9E%A5(%EB%8C%80%EC%A4%91%ED%98%95),high,,,,,,,,,,,,,,pending,pending,pending,pending,pending,pending,,
gc-014659dabae9,블랙스톤골프장(회원제),경기도 이천시 장호원읍 장여로 459-160,블랙스톤골프장(회원제),"골프장, 블랙스톤 이천 ; 지역, 경기권 ; 구분, 회원제 ; 홀수-회원제, 18 ; 법인명, (주)블랙스톤리조트 ; 대표전화, 031-643-2000 ; 현장주소, (17414)경기 이천시 장호원읍 장여로 459-",064-795-2121,,,,,unknown,,,,,https://search.naver.com/search.naver?where=nexearch&query=%EB%B8%94%EB%9E%99%EC%8A%A4%ED%86%A4%EA%B3%A8%ED%94%84%EC%9E%A5(%ED%9A%8C%EC%9B%90%EC%A0%9C),high,,,,,,,,,,,,,,pending,pending,pending,pending,pending,pending,,
gc-2ef4e18d677b,블루원용인CC(비회원제),경기도 용인시 처인구 원삼면 보개원삼로 1534번길 40,블루원용인CC(비회원제),"경기도 용인시 처인구 원삼면 보개원삼로1534번길 40에 위치한 블루원용인CC(비회원제)의 상세 정보. 시설 면적, 운영 형태, 위치 정보를 확인하세요.",02-0119-9300,,,,,unknown,,,,,https://search.naver.com/search.naver?where=nexearch&query=%EB%B8%94%EB%A3%A8%EC%9B%90%EC%9A%A9%EC%9D%B8CC(%EB%B9%84%ED%9A%8C%EC%9B%90%EC%A0%9C),high,,,,,,,,,,,,,,pending,pending,pending,pending,pending,pending,,
gc-0c833ff6d95f,블루원용인CC(회원제),경기도 용인시 처인구 원삼면 보개원삼로 1534번길 40,블루원용인CC(회원제),보개원삼로1534번길 40 ClubHouse지번목신리 356-10,,,,,,unknown,,,,,https://search.naver.com/search.naver?where=nexearch&query=%EB%B8%94%EB%A3%A8%EC%9B%90%EC%9A%A9%EC%9D%B8CC(%ED%9A%8C%EC%9B%90%EC%A0%9C),medium,,,,,,,,,,,,,,pending,pending,pending,pending,pending,pending,,
gc-07b4c0178c39,블루헤런G.C,경기도 여주시 대신면 고달사로 67,블루헤런G.C그린피,블루헤런cc회원권 블루헤런 CC(GC) 안내 모기업 : 하이트진로 그룹 주소 : 경기도 여주시 대신면 고달사로 67 홀수 : 18홀 잔디 : 조선잔디 (페어웨이) / 벤트그라스 (그린) 블루헤런 CC(GC)회원권 혜,,https://shorturl.at/yQtN4,,,,unknown,,,,,https://search.naver.com/search.naver?where=nexearch&query=%EB%B8%94%EB%A3%A8%ED%97%A4%EB%9F%B0G.C%20%EA%B7%B8%EB%A6%B0%ED%94%BC,high,,,,,,,,,,,,,,pending,pending,pending,pending,pending,pending,,
gc-bcdfbfe815c7,비에이비스타골프장(회원),경기도 이천시 모가면 어농로 272,비에이비스타골프장,"모기업 삼풍관광(주) 개장일 2003년 7월 회원수 1,250명 홀수 54홀 (회원제 36홀 퍼블릭 18홀) 주소 경기 이천시 모가면 어농로 272 회원 구성 무기명 4인 회원 혜택 전원 주중 100,000 분양가",,,,,,unknown,,,,,https://search.naver.com/search.naver?where=nexearch&query=%EB%B9%84%EC%97%90%EC%9D%B4%EB%B9%84%EC%8A%A4%ED%83%80%EA%B3%A8%ED%94%84%EC%9E%A5,high,,,,,,,,,,,,,,pending,pending,pending,pending,pending,pending,,
gc-2f2cc6b9afe3,비에이비스타컨트리클럽(비회원),경기도 이천시 모가면 어농로 272,비에이비스타 컨트리클럽> 여행지,경기도 이천시 모가면 어농로 272 (모가면),031-636-3577,,,,,unknown,,,,,https://search.naver.com/search.naver?where=nexearch&query=%EB%B9%84%EC%97%90%EC%9D%B4%EB%B9%84%EC%8A%A4%ED%83%80%EC%BB%A8%ED%8A%B8%EB%A6%AC%ED%81%B4%EB%9F%BD(%EB%B9%84%ED%9A%8C%EC%9B%90),medium,,,,,,,,,,,,,,pending,pending,pending,pending,pending,pending,,
gc-7471c8142b1e,비전힐스CC,경기도 남양주시 화도읍 마치로 226-220,비전힐스,경기 남양주시 화도읍 마치로 226-220,031-595-3355,http://www.visionhillscc.co.kr/,,,,unknown,3.8,3.8/10,91,,https://search.naver.com/search.naver?where=nexearch&query=%EB%B9%84%EC%A0%84%ED%9E%90%EC%8A%A4CC,high,,,,,,,,,,,,,,pending,pending,pending,pending,pending,pending,,
gc-3447dbe87ddc,비콘힐스골프클럽,홍천군 홍천읍 높은터로 533,비콘힐스골프클럽,강원 홍천군 홍천읍 높은터로 533,033-439-5114,http://www.beaconhills.co.kr/,"네이버 예약: 135,000원; 145,000원; 155,000원",135000,155000,reservation_price,7.8,7.8/10,93,"네이버 예약: 135,000원; 145,000원; 155,000원",https://search.naver.com/search.naver?where=nexearch&query=%EB%B9%84%EC%BD%98%ED%9E%90%EC%8A%A4%EA%B3%A8%ED%94%84%ED%81%B4%EB%9F%BD,high,,,,,,,,,,,,,,pending,pending,pending,pending,pending,pending,,
gc-a862e6d054f2,빅토리아일반대중골프장,경기도 여주시 가남읍 송삼로 191,빅토리아 골프클럽 (2026) - 경기도 여주시 가볼만한곳,빅토리아 골프클럽 (2026) - 경기도 여주시 가볼만한곳,031-883-0111,http://www.victoriagc.co.kr/,"네이버 예약: 80,000원; 115,000원; 120,000원",80000,120000,reservation_price,,,,"네이버 예약: 80,000원; 115,000원; 120,000원",https://search.naver.com/search.naver?where=nexearch&query=%EB%B9%85%ED%86%A0%EB%A6%AC%EC%95%84%EC%9D%BC%EB%B0%98%EB%8C%80%EC%A4%91%EA%B3%A8%ED%94%84%EC%9E%A5%20%EC%97%AC%EC%A3%BC%EC%8B%9C,low,,,,,,,,,,,,,,pending,pending,pending,pending,pending,pending,,
gc-06bb9165507c,사우스스프링스C.C,경기도 이천시 모가면 공원로 64,사우스스프링스,"2025.12.23.사우스스프링스CC는 경기도 이천시 모가면 소고리 640-6, 공원로 64 일대에 위치한 대중제 18홀, 파72 골프장입니다. 2009년 최고급 회원제로 출발했다가 2016년 퍼블릭으로 전환한 이후",031-630-7091,,,,,unknown,,,,,https://search.naver.com/search.naver?where=nexearch&query=%EC%82%AC%EC%9A%B0%EC%8A%A4%EC%8A%A4%ED%94%84%EB%A7%81%EC%8A%A4C.C,high,,,,,,,,,,,,,,pending,pending,pending,pending,pending,pending,,
gc-076abf5ece38,샌드파인골프클럽,강릉시 저동등길 53(저동),샌드파인GC,강원 강릉시 저동등길 53,1644-3001,https://www.lakaisandpine.co.kr/golf,,,,unknown,6.8,6.8/10,92,,https://search.naver.com/search.naver?where=nexearch&query=%EC%83%8C%EB%93%9C%ED%8C%8C%EC%9D%B8%EA%B3%A8%ED%94%84%ED%81%B4%EB%9F%BD,high,,,,,,,,,,,,,,pending,pending,pending,pending,pending,pending,,
gc-690b34d2b582,샤인데일골프&리조트,홍천군 서면 한서로 247-156,샤인데일골프&리조트,강원 홍천군 서면 한서로 247-156,033-430-1000,http://www.shinedale.com/,"네이버 예약: 160,000원; 210,000원",160000,210000,reservation_price,8.7,8.7/10,94,"네이버 예약: 160,000원; 210,000원",https://search.naver.com/search.naver?where=nexearch&query=%EC%83%A4%EC%9D%B8%EB%8D%B0%EC%9D%BC%EA%B3%A8%ED%94%84%26%EB%A6%AC%EC%A1%B0%ED%8A%B8,high,,,,,,,,,,,,,,pending,pending,pending,pending,pending,pending,,
gc-7c76a7546834,샴발라 컨트리클럽,경기도 포천시 군내면 청군로 2856-93,샴발라CC,경기 포천시 군내면 청군로 2856-93,031-535-5045,http://www.shambhalacc.co.kr,"네이버 예약: 150,000원",150000,150000,reservation_price,9.4,9.4/10,94,"네이버 예약: 150,000원",https://search.naver.com/search.naver?where=nexearch&query=%EC%83%B4%EB%B0%9C%EB%9D%BC%20%EC%BB%A8%ED%8A%B8%EB%A6%AC%ED%81%B4%EB%9F%BD,high,,,,,,,,,,,,,,pending,pending,pending,pending,pending,pending,,
gc-962dc7cafd46,서서울 컨트리클럽,경기도 파주시 광탄면 혜음로 324,서서울 컨트리클럽,경기 파주시 광탄면 혜음로 324,031-943-0040,http://www.seoseoul.co.kr/,,,,unknown,5.9,5.9/10,92,,https://search.naver.com/search.naver?where=nexearch&query=%EC%84%9C%EC%84%9C%EC%9A%B8%20%EC%BB%A8%ED%8A%B8%EB%A6%AC%ED%81%B4%EB%9F%BD,high,,,,,,,,,,,,,,pending,pending,pending,pending,pending,pending,,
gc-0ab02fc6c813,서원밸리 골프장,경기도 파주시 광탄면 서원길 333,서원밸리CC,경기 파주시 광탄면 서원길 333,031-940-9400,http://www.seowongolf.co.kr/,,,,unknown,,,,,https://search.naver.com/search.naver?where=nexearch&query=%EC%84%9C%EC%9B%90%EB%B0%B8%EB%A6%AC%20%EA%B3%A8%ED%94%84%EC%9E%A5,high,,,,,,,,,,,,,,pending,pending,pending,pending,pending,pending,,
gc-fabeaa53a815,서원힐스 골프장,경기도 파주시 광탄면 서원길 333,서원힐스CC,경기 파주시 광탄면 서원길 333,031-940-9400,http://www.seowongolf.co.kr/,,,,unknown,,,,,https://search.naver.com/search.naver?where=nexearch&query=%EC%84%9C%EC%9B%90%ED%9E%90%EC%8A%A4%20%EA%B3%A8%ED%94%84%EC%9E%A5,high,,,,,,,,,,,,,,pending,pending,pending,pending,pending,pending,,
gc-fc0e80550b95,석천CC,경기도 용인시 처인구 백암면 황새울로 255,용인CC 석천코스,2025.01.05.석천CC (대중제) 상세 정보입니다. 경기도 용인시 처인구 백암면 황새울로 255 위치입니다. 경기도 용인시 처인구 백암면 황새울로 255,031-332-3323,https://naver.me/5huOa2Hn,,,,unknown,,,,,https://search.naver.com/search.naver?where=nexearch&query=%EC%84%9D%EC%B2%9CCC%20%EC%9A%A9%EC%9D%B8%EC%8B%9C,high,,,,,,,,,,,,,,pending,pending,pending,pending,pending,pending,,
gc-af74a0cb154f,설악썬밸리컨트리클럽,고성군 죽왕면 순포로 188,설악썬밸리컨트리클럽,강원 고성군 죽왕면 삼포리 산134,033-638-5362,https://www.sunvalley.co.kr/seorak/golf/intro,,,,unknown,2.9,2.9/10,90,,https://search.naver.com/search.naver?where=nexearch&query=%EC%84%A4%EC%95%85%EC%8D%AC%EB%B0%B8%EB%A6%AC%EC%BB%A8%ED%8A%B8%EB%A6%AC%ED%81%B4%EB%9F%BD,high,,,,,,,,,,,,,,pending,pending,pending,pending,pending,pending,,
gc-716535d8799a,설악프라자컨트리클럽,속초시 미시령로2983번길 56-20,설악프라자컨트리클럽,강원 속초시 미시령로2983번길 111,033-630-5511,https://www.plazacc.co.kr/,"네이버 예약: 168,000원",168000,168000,reservation_price,8.4,8.4/10,93,"네이버 예약: 168,000원",https://search.naver.com/search.naver?where=nexearch&query=%EC%84%A4%EC%95%85%ED%94%84%EB%9D%BC%EC%9E%90%EC%BB%A8%ED%8A%B8%EB%A6%AC%ED%81%B4%EB%9F%BD,high,,,,,,,,,,,,,,pending,pending,pending,pending,pending,pending,,
gc-318abdb864d5,설해원,양양군 손양면 공항로 230,설해원,강원 양양군 손양면 공항로 230,033-670-7700,https://www.seolhaeone.com/,,,,unknown,,,,,https://search.naver.com/search.naver?where=nexearch&query=%EC%84%A4%ED%95%B4%EC%9B%90,high,,,,,,,,,,,,,,pending,pending,pending,pending,pending,pending,,
gc-67d0f65e6b2d,설해원더 레전드 코스,양양군 손양면 공항로 230,설해원 더 레전드 코스,"양양군 '설해원 더 레전드 코스' 정보마켓 > 골프장 강원특별자치도 양양군 손양면 공항로 230-0 (설해원) , NGII , NGII 업종 : 등록체육시설업 © NAVER Corp. 설해원 더 레전드 코스의 정보를",,,,,,unknown,,,,,https://search.naver.com/search.naver?where=nexearch&query=%EC%84%A4%ED%95%B4%EC%9B%90%EB%8D%94%20%EB%A0%88%EC%A0%84%EB%93%9C%20%EC%BD%94%EC%8A%A4,high,,,,,,,,,,,,,,pending,pending,pending,pending,pending,pending,,
gc-3b9faaf01e87,성문안 컨트리클럽,원주시 지정면 월송석화로 431,성문안컨트리클럽,"성문안컨트리클럽 골프장. 주소: 강원도 원주시 지정면 월송석화로 431, 전화: 1588-7676. 강원도 원주시 위치, 지도 및 편의시설 정보를 확인하세요.",033-769-7330,https://www.ittimes.com/news/articleView.html?idxno=85149,,,,unknown,,,,,https://search.naver.com/search.naver?where=nexearch&query=%EC%84%B1%EB%AC%B8%EC%95%88%20%EC%BB%A8%ED%8A%B8%EB%A6%AC%ED%81%B4%EB%9F%BD,high,,,,,,,,,,,,,,pending,pending,pending,pending,pending,pending,,
gc-30fa81244c96,세라지오GC,경기도 여주시 여양로 530,세라지오GC,경기 여주시 여양로 530 더 시에나 벨루토 컨트리클럽,031-887-8700,https://thesiena.co.kr/content/velluto,,,,unknown,6.2,6.2/10,92,,https://search.naver.com/search.naver?where=nexearch&query=%EC%84%B8%EB%9D%BC%EC%A7%80%EC%98%A4GC,high,,,,,,,,,,,,,,pending,pending,pending,pending,pending,pending,,
gc-8322ca96ec3b,세이지우드CC홍천,홍천군 두촌면 광석로 898-160,세이지우드CC 홍천,강원 홍천군 두촌면 광석로 898-160,033-439-1000,https://www.sagewood.co.kr/hongcheon/main,,,,unknown,8.3,8.3/10,93,,https://search.naver.com/search.naver?where=nexearch&query=%EC%84%B8%EC%9D%B4%EC%A7%80%EC%9A%B0%EB%93%9CCC%ED%99%8D%EC%B2%9C,high,,,,,,,,,,,,,,pending,pending,pending,pending,pending,pending,,
gc-af63c289d999,세현CC,경기도 용인시 처인구 이동읍 백자로 450,세현 컨트리클럽,경기 용인시 처인구 이동읍 백자로 450,031-670-8800,https://www.sehyeoncc.com,"네이버 예약: 170,000원; 210,000원; 280,000원",170000,280000,reservation_price,9.1,9.1/10,94,"네이버 예약: 170,000원; 210,000원; 280,000원",https://search.naver.com/search.naver?where=nexearch&query=%EC%84%B8%ED%98%84CC,high,,,,,,,,,,,,,,pending,pending,pending,pending,pending,pending,,
gc-920a66bac706,센추리21컨트리클럽,원주시 문막읍 궁말길 193,센추리21 컨트리클럽,강원 원주시 문막읍 궁말길 193,033-733-1000,http://www.century21cc.co.kr/,,,,unknown,2.4,2.4/10,90,,https://search.naver.com/search.naver?where=nexearch&query=%EC%84%BC%EC%B6%94%EB%A6%AC21%EC%BB%A8%ED%8A%B8%EB%A6%AC%ED%81%B4%EB%9F%BD,high,,,,,,,,,,,,,,pending,pending,pending,pending,pending,pending,,
gc-120fdf5098ca,센추리21컨트리클럽Ⅱ,원주시 문막읍 궁말길 193,센추리21컨트리클럽Ⅱ,"강원특별자치도 원주시 문막읍 궁말길 193에 위치한 센추리21컨트리클럽의 상세 정보. 시설 면적, 운영 형태, 위치 정보를 확인하세요.",,,,,,unknown,,,,,https://search.naver.com/search.naver?where=nexearch&query=%EC%84%BC%EC%B6%94%EB%A6%AC21%EC%BB%A8%ED%8A%B8%EB%A6%AC%ED%81%B4%EB%9F%BD%E2%85%A1,high,,,,,,,,,,,,,,pending,pending,pending,pending,pending,pending,,
gc-d2426892b3a5,센추리21퍼블릭,원주시 문막읍 궁말길 193,센추리21퍼블릭그린피,(1) 골프장 기본정보 운영사 : 센추리개발(주) 개장일 : 2003년 코스 규모 : 45홀 (회원제 18홀+퍼블릭 27홀) 위치 : 강원도 원주시 궁말길 193 회원 수 : 590명 센추리21cc는 회원제와 퍼블릭,,,,,,unknown,,,,,https://search.naver.com/search.naver?where=nexearch&query=%EC%84%BC%EC%B6%94%EB%A6%AC21%ED%8D%BC%EB%B8%94%EB%A6%AD%20%EA%B7%B8%EB%A6%B0%ED%94%BC,high,,,,,,,,,,,,,,pending,pending,pending,pending,pending,pending,,
gc-da4ac7ff9f91,소노펠리체 컨트리클럽 델피노,고성군 토성면 미시령옛길 1153,소노펠리체CC 델피노,강원 고성군 토성면 미시령옛길 1153 소노펠리체CC 델피노,033-1644-0063,http://www.sonofelicecc.com/dp,"네이버 예약: 168,000원; 182,000원; 189,000원",168000,189000,reservation_price,7.7,7.7/10,93,"네이버 예약: 168,000원; 182,000원; 189,000원",https://search.naver.com/search.naver?where=nexearch&query=%EC%86%8C%EB%85%B8%ED%8E%A0%EB%A6%AC%EC%B2%B4%20%EC%BB%A8%ED%8A%B8%EB%A6%AC%ED%81%B4%EB%9F%BD%20%EB%8D%B8%ED%94%BC%EB%85%B8,high,,,,,,,,,,,,,,pending,pending,pending,pending,pending,pending,,
gc-56adaea8c265,소노펠리체 컨트리클럽 비발디파크 마운틴,홍천군 서면 한치골길 264,소노펠리체컨트리클럽비발디파크마운틴,,,,,,,unknown,,,,,https://search.naver.com/search.naver?where=nexearch&query=%EC%86%8C%EB%85%B8%ED%8E%A0%EB%A6%AC%EC%B2%B4%20%EC%BB%A8%ED%8A%B8%EB%A6%AC%ED%81%B4%EB%9F%BD%20%EB%B9%84%EB%B0%9C%EB%94%94%ED%8C%8C%ED%81%AC%20%EB%A7%88%EC%9A%B4%ED%8B%B4,medium,,,,,,,,,,,,,,pending,pending,pending,pending,pending,pending,,
gc-e9127c84ddf1,소노펠리체 컨트리클럽 비발디파크 웨스트,홍천군 서면 한치골길 200,소노펠리체컨트리클럽비발디파크웨스트,"강원특별자치도 홍천군 서면 한치골길 200에 위치한 소노펠리체 컨트리클럽 비발디파크 웨스트의 상세 정보. 시설 면적, 운영 형태, 위치 정보를 확인하세요.",,,,,,unknown,,,,,https://search.naver.com/search.naver?where=nexearch&query=%EC%86%8C%EB%85%B8%ED%8E%A0%EB%A6%AC%EC%B2%B4%20%EC%BB%A8%ED%8A%B8%EB%A6%AC%ED%81%B4%EB%9F%BD%20%EB%B9%84%EB%B0%9C%EB%94%94%ED%8C%8C%ED%81%AC%20%EC%9B%A8%EC%8A%A4%ED%8A%B8,high,,,,,,,,,,,,,,pending,pending,pending,pending,pending,pending,,
gc-ae905ec6b25f,소노펠리체 컨트리클럽 비발디파크 이스트,홍천군 서면 한치골길 541-123,소노펠리체컨트리클럽비발디파크이스트,,,https://www.sonofelicecc.com/sn/,,,,unknown,,,,,https://search.naver.com/search.naver?where=nexearch&query=%EC%86%8C%EB%85%B8%ED%8E%A0%EB%A6%AC%EC%B2%B4%20%EC%BB%A8%ED%8A%B8%EB%A6%AC%ED%81%B4%EB%9F%BD%20%EB%B9%84%EB%B0%9C%EB%94%94%ED%8C%8C%ED%81%AC%20%EC%9D%B4%EC%8A%A4%ED%8A%B8,medium,,,,,,,,,,,,,,pending,pending,pending,pending,pending,pending,,
gc-7e1dadf46eaa,소피아그린,경기도 여주시 점동면 소피아그린길 84,소피아그린CC,경기 여주시 점동면 소피아그린길 84 소피아그린cc,031-887-8100,http://www.sophiagreen.co.kr/,"네이버 예약: 190,000원; 200,000원; 210,000원; 220,000원",190000,220000,reservation_price,5.1,5.1/10,92,"네이버 예약: 190,000원; 200,000원; 210,000원; 220,000원",https://search.naver.com/search.naver?where=nexearch&query=%EC%86%8C%ED%94%BC%EC%95%84%EA%B7%B8%EB%A6%B0,high,,,,,,,,,,,,,,pending,pending,pending,pending,pending,pending,,
gc-b55900a1fcf9,솔모로골프장,경기도 여주시 가남읍 솔모로그린길 171,솔모로CC,경기 여주시 가남읍 솔모로그린길 171,031-884-7000,http://www.solmoro.com/,,,,unknown,5.3,5.3/10,92,,https://search.naver.com/search.naver?where=nexearch&query=%EC%86%94%EB%AA%A8%EB%A1%9C%EA%B3%A8%ED%94%84%EC%9E%A5,high,,,,,,,,,,,,,,pending,pending,pending,pending,pending,pending,,
gc-df2b984b36c9,솔트베이 골프클럽,경기도 시흥시 마유로 987 (장곡동),솔트베이 골프클럽,경기 시흥시 마유로 987,031-400-0000,https://www.saltbay.co.kr,,,,unknown,6.9,6.9/10,92,,https://search.naver.com/search.naver?where=nexearch&query=%EC%86%94%ED%8A%B8%EB%B2%A0%EC%9D%B4%20%EA%B3%A8%ED%94%84%ED%81%B4%EB%9F%BD,high,,,,,,,,,,,,,,pending,pending,pending,pending,pending,pending,,
gc-9bb0cbe01084,송추 컨트리클럽,경기도 양주시 광적면 쇠장이길 435,송추CC,경기 양주시 광적면 쇠장이길 435,031-871-9410,http://www.songchoo.co.kr/,,,,unknown,,,,,https://search.naver.com/search.naver?where=nexearch&query=%EC%86%A1%EC%B6%94%20%EC%BB%A8%ED%8A%B8%EB%A6%AC%ED%81%B4%EB%9F%BD,high,,,,,,,,,,,,,,pending,pending,pending,pending,pending,pending,,
gc-38b838344176,수원컨트리클럽,경기도 용인시 기흥구 중부대로 495,수원cc,경기 용인시 기흥구 중부대로 495 수원컨트리클럽,031-281-6613,http://www.suwoncc.co.kr,,,,unknown,4.2,4.2/10,91,,https://search.naver.com/search.naver?where=nexearch&query=%EC%88%98%EC%9B%90%EC%BB%A8%ED%8A%B8%EB%A6%AC%ED%81%B4%EB%9F%BD,high,,,,,,,,,,,,,,pending,pending,pending,pending,pending,pending,,
gc-d0e431ff250c,스마트KU 골프 파빌리온,경기도 파주시 법원읍 보광로 1616,스마트 KU골프 파빌리온,경기 파주시 법원읍 보광로 1616,031-930-1600,http://kugolf.co.kr/,,,,unknown,7.3,7.3/10,93,,https://search.naver.com/search.naver?where=nexearch&query=%EC%8A%A4%EB%A7%88%ED%8A%B8KU%20%EA%B3%A8%ED%94%84%20%ED%8C%8C%EB%B9%8C%EB%A6%AC%EC%98%A8,high,,,,,,,,,,,,,,pending,pending,pending,pending,pending,pending,,
gc-6259847b3bba,스카이밸리골프장(비회원),경기도 여주시 북내면 운촌길 254,스카이밸리골프장(비회원),"스카이밸리CC, 이런 골프장입니다 — 소개·위치·접근성 스카이밸리CC(스카이밸리컨트리클럽)는 경기도 여주시 북내면 운촌길 254(운촌리 산68번지)에 위치한 회원제 18홀(스카이·밸리 코스) + 대중제 18홀(레이크",,,,,,unknown,,,93,,https://search.naver.com/search.naver?where=nexearch&query=%EC%8A%A4%EC%B9%B4%EC%9D%B4%EB%B0%B8%EB%A6%AC%EA%B3%A8%ED%94%84%EC%9E%A5(%EB%B9%84%ED%9A%8C%EC%9B%90),high,,,,,,,,,,,,,,pending,pending,pending,pending,pending,pending,,
gc-ddb3947686d1,스카이밸리골프장(회원),경기도 여주시 북내면 운촌길 254,스카이밸리골프장(회원),운촌길 254지번운촌리 산40,031-880-8800,,,,,unknown,,,,,https://search.naver.com/search.naver?where=nexearch&query=%EC%8A%A4%EC%B9%B4%EC%9D%B4%EB%B0%B8%EB%A6%AC%EA%B3%A8%ED%94%84%EC%9E%A5(%ED%9A%8C%EC%9B%90),medium,,,,,,,,,,,,,,pending,pending,pending,pending,pending,pending,,
gc-d388a17be449,신라컨트리클럽,경기도 여주시 북내면 신라그린길 84,원더클럽 신라CC,경기 여주시 북내면 신라그린길 84,031-886-3030,https://www.onetheclub.com,"네이버 예약: 170,000원; 180,000원; 210,000원",170000,210000,reservation_price,7.9,7.9/10,93,"네이버 예약: 170,000원; 180,000원; 210,000원",https://search.naver.com/search.naver?where=nexearch&query=%EC%8B%A0%EB%9D%BC%EC%BB%A8%ED%8A%B8%EB%A6%AC%ED%81%B4%EB%9F%BD,high,,,,,,,,,,,,,,pending,pending,pending,pending,pending,pending,,
gc-2c90528d411e,신안 퍼블릭 CC,경기도 안성시 고삼면 개울말길 149,신안퍼블릭CC(비회원),2024.11.30.신안 퍼블릭 CC 상세 정보입니다. 경기도 안성시 고삼면 가유리 787-15 위치입니다. 경기도 안성시 고삼면 개울말길 149,031-672-0071,https://open.kakao.com/o/srV0xGMb,,,,unknown,,,,,https://search.naver.com/search.naver?where=nexearch&query=%EC%8B%A0%EC%95%88%20%ED%8D%BC%EB%B8%94%EB%A6%AD%20CC%20%EB%84%A4%EC%9D%B4%EB%B2%84,high,,,,,,,,,,,,,,pending,pending,pending,pending,pending,pending,,
gc-2c8ffe1e182d,신안컨트리클럽,경기도 안성시 고삼면 개울말길 149,신안CC,경기 안성시 고삼면 개울말길 149,031-8046-0777,https://www.shinangolf.com/,,,,unknown,5.4,5.4/10,92,,https://search.naver.com/search.naver?where=nexearch&query=%EC%8B%A0%EC%95%88%EC%BB%A8%ED%8A%B8%EB%A6%AC%ED%81%B4%EB%9F%BD,high,,,,,,,,,,,,,,pending,pending,pending,pending,pending,pending,,
gc-a53c3fecd592,신원CC,경기도 용인시 이동읍 이원로 225,신원CC,경기 용인시 처인구 이동읍 이원로 225,031-333-1800,http://www.swcc.co.kr/,,,,unknown,3.4,3.4/10,90,,https://search.naver.com/search.naver?where=nexearch&query=%EC%8B%A0%EC%9B%90CC,high,,,,,,,,,,,,,,pending,pending,pending,pending,pending,pending,,
gc-c45d3f5d316d,써닝포인트 컨트리클럽,경기도 용인시 처인구 백암면 고안로 51번길 205,써닝포인트CC,경기 용인시 처인구 백암면 고안로51번길 205,031-329-0800,http://www.sunningpoint.com/,"네이버 예약: 195,000원; 225,000원; 265,000원; 275,000원",195000,275000,reservation_price,6.4,6.4/10,92,"네이버 예약: 195,000원; 225,000원; 265,000원; 275,000원",https://search.naver.com/search.naver?where=nexearch&query=%EC%8D%A8%EB%8B%9D%ED%8F%AC%EC%9D%B8%ED%8A%B8%20%EC%BB%A8%ED%8A%B8%EB%A6%AC%ED%81%B4%EB%9F%BD,high,,,,,,,,,,,,,,pending,pending,pending,pending,pending,pending,,
gc-d14f87b6bb30,썬힐G.C,경기도 가평군 조종면 운악청계로 809,썬힐 골프클럽,경기도 가평군 조종면 운악청계로 809,031-585-7900,,,,,unknown,,,,,https://search.naver.com/search.naver?where=nexearch&query=%EC%8D%AC%ED%9E%90G.C,high,,,,,,,,,,,,,,pending,pending,pending,pending,pending,pending,,
gc-aa2c41b33610,아난티클럽서울,경기도 가평군 설악면 유명로 961-34,아난티클럽서울 클럽하우스,(우) 12472 경기도 가평 유명로 961-34 설악면,031-589-3032,,,,,unknown,,,,,https://search.naver.com/search.naver?where=nexearch&query=%EC%95%84%EB%82%9C%ED%8B%B0%ED%81%B4%EB%9F%BD%EC%84%9C%EC%9A%B8%20%EA%B0%80%ED%8F%89%EA%B5%B0,medium,,,,,,,,,,,,,,pending,pending,pending,pending,pending,pending,,
gc-c0e3c44b953c,아리지 골프장,경기도 여주시 가남읍 아리지그린길 68,아리지CC,경기 여주시 가남읍 아리지그린길 68,031-887-5678,http://www.ariji.co.kr/,"네이버 예약: 210,000원; 220,000원; 240,000원; 250,000원",210000,250000,reservation_price,4.3,4.3/10,91,"네이버 예약: 210,000원; 220,000원; 240,000원; 250,000원",https://search.naver.com/search.naver?where=nexearch&query=%EC%95%84%EB%A6%AC%EC%A7%80%20%EA%B3%A8%ED%94%84%EC%9E%A5,high,,,,,,,,,,,,,,pending,pending,pending,pending,pending,pending,,
gc-d5533edff8e8,아세코밸리골프클럽,경기도 시흥시 마전로 307 (거모동),아세코밸리골프클럽,경기 시흥시 마전로 307,031-488-8000,https://www.asecovalley.co.kr/,,,,unknown,4.5,4.5/10,91,,https://search.naver.com/search.naver?where=nexearch&query=%EC%95%84%EC%84%B8%EC%BD%94%EB%B0%B8%EB%A6%AC%EA%B3%A8%ED%94%84%ED%81%B4%EB%9F%BD,high,,,,,,,,,,,,,,pending,pending,pending,pending,pending,pending,,
gc-25de9ff08a30,아시아나컨트리클럽,경기도 용인시 처인구 양지면 양대로 290,아시아나CC,경기 용인시 처인구 양지읍 양대로 290,031-334-8800,http://www.asianacc.co.kr/,,,,unknown,1.8,1.8/10,89,,https://search.naver.com/search.naver?where=nexearch&query=%EC%95%84%EC%8B%9C%EC%95%84%EB%82%98%EC%BB%A8%ED%8A%B8%EB%A6%AC%ED%81%B4%EB%9F%BD,high,,,,,,,,,,,,,,pending,pending,pending,pending,pending,pending,,
gc-8f72ace0d89a,안성베네스트골프클럽 일반대중홀,경기도 안성시 금광면 삼흥로 660,안성베네스트골프클럽 일반대중홀 | 전국 골프장 지도,2024.11.30.안성베네스트골프클럽 일반대중홀 상세 정보입니다. 경기도 안성시 금광면 삼흥리 산 1 위치입니다. 경기도 안성시 금광면 삼흥로 660,031-670-0703,https://www.benestgolf.com,,,,unknown,,,,,https://search.naver.com/search.naver?where=nexearch&query=%EC%95%88%EC%84%B1%EB%B2%A0%EB%84%A4%EC%8A%A4%ED%8A%B8%EA%B3%A8%ED%94%84%ED%81%B4%EB%9F%BD%20%EC%9D%BC%EB%B0%98%EB%8C%80%EC%A4%91%ED%99%80,high,,,,,,,,,,,,,,pending,pending,pending,pending,pending,pending,,
gc-2e3210c9d979,안성베네스트G.C,경기도 안성시 금광면 삼흥로 660,안성베네스트G.C안성시,**경기도 안성시 위치 베네스트 골프클럽 정보** 1월 1일,031-670-0700,https://naver.me/Ge7dXvsh,,,,unknown,,,,,https://search.naver.com/search.naver?where=nexearch&query=%EC%95%88%EC%84%B1%EB%B2%A0%EB%84%A4%EC%8A%A4%ED%8A%B8G.C%20%EC%95%88%EC%84%B1%EC%8B%9C,high,,,,,,,,,,,,,,pending,pending,pending,pending,pending,pending,,
gc-adc16ee54b54,안성컨트리클럽,경기도 안성시 죽산면 걸미로 487,안성컨트리클럽,(우) 456-891 경기도 안성 걸미로 487,031-674-9111,,,,,unknown,,,,,https://search.naver.com/search.naver?where=nexearch&query=%EC%95%88%EC%84%B1%EC%BB%A8%ED%8A%B8%EB%A6%AC%ED%81%B4%EB%9F%BD,medium,,,,,,,,,,,,,,pending,pending,pending,pending,pending,pending,,
gc-9944c1872c71,안양컨트리클럽,경기도 군포시 군포로364(부곡동),안양컨트리클럽,경기 군포시 군포로 364,031-460-3301,https://www.benestgolf.com,,,,unknown,,,,,https://search.naver.com/search.naver?where=nexearch&query=%EC%95%88%EC%96%91%EC%BB%A8%ED%8A%B8%EB%A6%AC%ED%81%B4%EB%9F%BD,high,,,,,,,,,,,,,,pending,pending,pending,pending,pending,pending,,
gc-88fd5807de80,알펜시아 700골프클럽,평창군 대관령면 솔봉로 325,알펜시아700골프클럽,강원 평창군 대관령면 스포츠파크길 234 알펜시아700 Golf Club,033-339-3300,https://www.alpensia.com,,,,unknown,7.2,7.2/10,93,,https://search.naver.com/search.naver?where=nexearch&query=%EC%95%8C%ED%8E%9C%EC%8B%9C%EC%95%84%20700%EA%B3%A8%ED%94%84%ED%81%B4%EB%9F%BD,high,,,,,,,,,,,,,,pending,pending,pending,pending,pending,pending,,
gc-2b5762bfc60c,알펜시아컨트리클럽,평창군 대관령면 솔봉로 325,알펜시아컨트리클럽,강원 평창군 대관령면 솔봉로 325 알펜시아컨트리클럽,033-339-3300,https://www.alpensia.com,,,,unknown,8.3,8.3/10,93,,https://search.naver.com/search.naver?where=nexearch&query=%EC%95%8C%ED%8E%9C%EC%8B%9C%EC%95%84%EC%BB%A8%ED%8A%B8%EB%A6%AC%ED%81%B4%EB%9F%BD,high,,,,,,,,,,,,,,pending,pending,pending,pending,pending,pending,,
gc-17aba5f4eb83,알프스대영컨트리클럽,횡성군 우천면 한우로 1295,알프스대영컨트리클럽,강원 횡성군 우천면 한우로 1295,033-340-8032,http://www.alpsdy.com/,,,,unknown,6.3,6.3/10,92,,https://search.naver.com/search.naver?where=nexearch&query=%EC%95%8C%ED%94%84%EC%8A%A4%EB%8C%80%EC%98%81%EC%BB%A8%ED%8A%B8%EB%A6%AC%ED%81%B4%EB%9F%BD,high,,,,,,,,,,,,,,pending,pending,pending,pending,pending,pending,,
gc-24a9087d99d6,양주 컨트리클럽,경기도 남양주시 화도읍 북한강로 1525-52,양주CC,경기 남양주시 화도읍 북한강로 1525-52,031-592-6060,http://www.yangjucc.co.kr/,"네이버 예약: 300,000원",300000,300000,reservation_price,5.1,5.1/10,92,"네이버 예약: 300,000원",https://search.naver.com/search.naver?where=nexearch&query=%EC%96%91%EC%A3%BC%20%EC%BB%A8%ED%8A%B8%EB%A6%AC%ED%81%B4%EB%9F%BD,high,,,,,,,,,,,,,,pending,pending,pending,pending,pending,pending,,
gc-897c73dbf41b,양지파인골프클럽,경기도 용인시 처인구 양지면 남평로 112,양지파인CC,경기 용인시 처인구 양지읍 남평로 112,031-329-9500,https://www.pineresort.com/Golf/CourseInfo.aspx,"네이버 예약: 185,000원; 194,000원; 205,000원",185000,205000,reservation_price,6.1,6.1/10,92,"네이버 예약: 185,000원; 194,000원; 205,000원",https://search.naver.com/search.naver?where=nexearch&query=%EC%96%91%EC%A7%80%ED%8C%8C%EC%9D%B8%EA%B3%A8%ED%94%84%ED%81%B4%EB%9F%BD,high,,,,,,,,,,,,,,pending,pending,pending,pending,pending,pending,,
gc-5ca66aa29c0b,양평TPC GC,경기도 양평군 지평면 대평평장길 113-8,양평TPCGC,경기 양평군 지평면 대평리 산112,031-772-3000,http://www.tpcgolf.co.kr/,"네이버 예약: 160,000원; 170,000원; 240,000원",160000,240000,reservation_price,6.8,6.8/10,92,"네이버 예약: 160,000원; 170,000원; 240,000원",https://search.naver.com/search.naver?where=nexearch&query=%EC%96%91%ED%8F%89TPC%20GC,high,,,,,,,,,,,,,,pending,pending,pending,pending,pending,pending,,
gc-5495f8d48bf7,에덴블루 컨트리클럽,경기도 안성시 죽산면 녹배길 175,에덴블루CC,경기 안성시 죽산면 녹배길 175,031-678-7000,http://www.edenblue.co.kr/,"네이버 예약: 209,000원; 219,000원; 229,000원",209000,229000,reservation_price,9.4,9.4/10,95,"네이버 예약: 209,000원; 219,000원; 229,000원",https://search.naver.com/search.naver?where=nexearch&query=%EC%97%90%EB%8D%B4%EB%B8%94%EB%A3%A8%20%EC%BB%A8%ED%8A%B8%EB%A6%AC%ED%81%B4%EB%9F%BD,high,,,,,,,,,,,,,,pending,pending,pending,pending,pending,pending,,
gc-82563fee9804,에이치원 클럽,경기도 이천시 호법면 장자터로 115,에이치원클럽,경기 이천시 호법면 장자터로 115 H1 CLUB,031-640-8114,http://www.h1club.co.kr,"네이버 예약: 280,000원; 290,000원; 310,000원",280000,310000,reservation_price,3.5,3.5/10,91,"네이버 예약: 280,000원; 290,000원; 310,000원",https://search.naver.com/search.naver?where=nexearch&query=%EC%97%90%EC%9D%B4%EC%B9%98%EC%9B%90%20%ED%81%B4%EB%9F%BD,high,,,,,,,,,,,,,,pending,pending,pending,pending,pending,pending,,
gc-c97aebfdffe3,에콜리안정선골프장,정선군 신동읍 새골길 112-49,에콜리안정선골프장,"강원특별자치도 정선군 신동읍 새골길 112-49에 위치한 에콜리안정선골프장의 상세 정보. 시설 면적, 운영 형태, 위치 정보를 확인하세요.",033-378-7514,https://www.youtube.com/channel/UCE0kz3LFeT1dq41XmWfIGmQ/join,,,,unknown,,,,,https://search.naver.com/search.naver?where=nexearch&query=%EC%97%90%EC%BD%9C%EB%A6%AC%EC%95%88%EC%A0%95%EC%84%A0%EA%B3%A8%ED%94%84%EC%9E%A5,high,,,,,,,,,,,,,,pending,pending,pending,pending,pending,pending,,
gc-669d8ad13333,엘리시안 강촌컨트리클럽,춘천시 남산면 북한강변길 688,엘리시안강촌CC,강원 춘천시 남산면 북한강변길 688,033-260-2122,https://www.elysian.co.kr/about-gangchon/golf,,,,unknown,4.2,4.2/10,91,,https://search.naver.com/search.naver?where=nexearch&query=%EC%97%98%EB%A6%AC%EC%8B%9C%EC%95%88%20%EA%B0%95%EC%B4%8C%EC%BB%A8%ED%8A%B8%EB%A6%AC%ED%81%B4%EB%9F%BD,high,,,,,,,,,,,,,,pending,pending,pending,pending,pending,pending,,
gc-417ae947fa4c,여주썬밸리 컨트리클럽,경기도 여주시 강천면 강문로 872,여주썬밸리CC,경기 여주시 강천면 강문로 872,031-887-5300,https://www.sunvalley.co.kr/yeoju/golf/intro,,,,unknown,8.2,8.2/10,93,,https://search.naver.com/search.naver?where=nexearch&query=%EC%97%AC%EC%A3%BC%EC%8D%AC%EB%B0%B8%EB%A6%AC%20%EC%BB%A8%ED%8A%B8%EB%A6%AC%ED%81%B4%EB%9F%BD,high,,,,,,,,,,,,,,pending,pending,pending,pending,pending,pending,,
gc-d4f47a219511,영랑호컨트리클럽,속초시 영랑호반길 170,영랑호CC,강원 속초시 영랑호반길 140,033-633-0003,https://www.yrhresort.com,,,,unknown,,,,,https://search.naver.com/search.naver?where=nexearch&query=%EC%98%81%EB%9E%91%ED%98%B8%EC%BB%A8%ED%8A%B8%EB%A6%AC%ED%81%B4%EB%9F%BD,high,,,,,,,,,,,,,,pending,pending,pending,pending,pending,pending,,
gc-3ae54b5361c3,오너스골프클럽,춘천시 남산면 동촌로 667,오너스클럽소개,강원 춘천시 남산면 동촌로 667,033-260-1900,http://www.ownersgc.co.kr/,"네이버 예약: 150,000원; 160,000원; 210,000원; 220,000원; 250,000원",150000,250000,reservation_price,8.7,8.7/10,94,"네이버 예약: 150,000원; 160,000원; 210,000원; 220,000원; 250,000원",https://search.naver.com/search.naver?where=nexearch&query=%EC%98%A4%EB%84%88%EC%8A%A4%EA%B3%A8%ED%94%84%ED%81%B4%EB%9F%BD,high,,,,,,,,,,,,,,pending,pending,pending,pending,pending,pending,,
gc-aca146079a3b,오로라 골프 앤 리조트,원주시 신림면 구학산로 1520,오로라골프앤리조트,강원 원주시 신림면 구학산로 1520,033-810-8800,https://www.auroragolfnresort.co.kr,,,,unknown,,,,,https://search.naver.com/search.naver?where=nexearch&query=%EC%98%A4%EB%A1%9C%EB%9D%BC%20%EA%B3%A8%ED%94%84%20%EC%95%A4%20%EB%A6%AC%EC%A1%B0%ED%8A%B8,high,,,,,,,,,,,,,,pending,pending,pending,pending,pending,pending,,
gc-9a7cb8103191,오크밸리회원제골프장,원주시 지정면 오크밸리1길 66,오크밸리회원제,#오크밸리CC⛳️#강원도 원주시 #36홀 #회원제골프장#HDC리조트#현대산업개발,,,,,,unknown,,,,,https://search.naver.com/search.naver?where=nexearch&query=%EC%98%A4%ED%81%AC%EB%B0%B8%EB%A6%AC%ED%9A%8C%EC%9B%90%EC%A0%9C,high,,,,,,,,,,,,,,pending,pending,pending,pending,pending,pending,,
gc-535182f1f0fa,올데이 옥스필드,횡성군 서원면 경강로 유현6길 28,옥스필드CC,강원 횡성군 서원면 경강로유현6길 28,033-340-7700,http://oxfield.co.kr/,"네이버 예약: 89,000원; 109,000원; 169,000원",89000,169000,reservation_price,8.2,8.2/10,93,"네이버 예약: 89,000원; 109,000원; 169,000원",https://search.naver.com/search.naver?where=nexearch&query=%EC%98%AC%EB%8D%B0%EC%9D%B4%20%EC%98%A5%EC%8A%A4%ED%95%84%EB%93%9C,high,,,,,,,,,,,,,,pending,pending,pending,pending,pending,pending,,
gc-18640b625b94,올림픽 골프장,경기도 고양시 덕양구 혜음로 301,올림픽CC,경기 고양시 덕양구 혜음로 301 올림픽CC,031-962-0101,http://www.olympicgolf.co.kr/,"네이버 예약: 160,000원",160000,160000,reservation_price,9.6,9.6/10,95,"네이버 예약: 160,000원",https://search.naver.com/search.naver?where=nexearch&query=%EC%98%AC%EB%A6%BC%ED%94%BD%20%EA%B3%A8%ED%94%84%EC%9E%A5,high,,,,,,,,,,,,,,pending,pending,pending,pending,pending,pending,,
gc-928514cac4c6,용인CC,경기도 용인시 처인구 백암면 황새울로 255,용인CC,경기 용인시 처인구 백암면 황새울로 255 용인C.C,031-332-3323,http://www.yongincc.com/,"네이버 예약: 175,000원; 185,000원; 195,000원",175000,195000,reservation_price,9.4,9.4/10,95,"네이버 예약: 175,000원; 185,000원; 195,000원",https://search.naver.com/search.naver?where=nexearch&query=%EC%9A%A9%EC%9D%B8CC%20%EC%9A%A9%EC%9D%B8%EC%8B%9C,high,,,,,,,,,,,,,,pending,pending,pending,pending,pending,pending,,
gc-11423b427515,용평리조트골프클럽,평창군 대관령면 올림픽로 715,용평리조트G.C,"용평컨트리클럽 ; 규모 · 6,800 야드 ; 홀 · 18홀 ; 파(Par) · 72 ; 주소 · 강원특별자치도 평창군 대관령면 올림픽로 715 ; 예약번호 · 1522-3111",033-330-7611,,,,,unknown,,,,,https://search.naver.com/search.naver?where=nexearch&query=%EC%9A%A9%ED%8F%89%EB%A6%AC%EC%A1%B0%ED%8A%B8G.C,high,,,,,,,,,,,,,,pending,pending,pending,pending,pending,pending,,
gc-07cd3007c683,용평리조트대중골프장,평창군 대관령면 올림픽로 715,용평리조트대중골프장,리뷰 969강원 평창군 대관령면,02-3270-1245,,,,,unknown,,,,,https://search.naver.com/search.naver?where=nexearch&query=%EC%9A%A9%ED%8F%89%EB%A6%AC%EC%A1%B0%ED%8A%B8%EB%8C%80%EC%A4%91%EA%B3%A8%ED%94%84%EC%9E%A5,high,,,,,,,,,,,,,,pending,pending,pending,pending,pending,pending,,
gc-1e4b4a02117e,용평버치힐골프클럽,평창군 대관령면 올림픽로 715,용평버치힐골프클럽,"용평버치힐 콘도 정보 운 영 회 사 모나용평 주식회사 위치 강원특별자치도 평창군 대관령면 올림픽로 715 부대시설 버치힐 컨트리클럽(골프), 용평골프클럽(18H), 용평 나인 골프코스(9H), 워터파크, 스키장, 발",033-330-8623,,,,,unknown,,,,,https://search.naver.com/search.naver?where=nexearch&query=%EC%9A%A9%ED%8F%89%EB%B2%84%EC%B9%98%ED%9E%90%EA%B3%A8%ED%94%84%ED%81%B4%EB%9F%BD,high,,,,,,,,,,,,,,pending,pending,pending,pending,pending,pending,,
gc-7b4833dc4475,월송리 컨트리클럽,원주시 지정면 오크밸리2길 250,월송리컨트리클럽,월송리 컨트리클럽 (원주시 지정면 월송리) 골프장 소리114 - 전국 생활편의 정보 소리114,,,,,,unknown,,,,,https://search.naver.com/search.naver?where=nexearch&query=%EC%9B%94%EC%86%A1%EB%A6%AC%20%EC%BB%A8%ED%8A%B8%EB%A6%AC%ED%81%B4%EB%9F%BD,high,,,,,,,,,,,,,,pending,pending,pending,pending,pending,pending,,
gc-bbf51fd6cc91,웰리힐리컨트리클럽,횡성군 둔내면 고원로 451,웰리힐리CC,강원 횡성군 둔내면 고원로 451 웰리힐리파크,1544-8833,http://www.wellihillipark.com/wellihillicc/,"네이버 예약: 200,000원",200000,200000,reservation_price,9,9/10,94,"네이버 예약: 200,000원",https://search.naver.com/search.naver?where=nexearch&query=%EC%9B%B0%EB%A6%AC%ED%9E%90%EB%A6%AC%EC%BB%A8%ED%8A%B8%EB%A6%AC%ED%81%B4%EB%9F%BD,high,,,,,,,,,,,,,,pending,pending,pending,pending,pending,pending,,
gc-ec8024eb7955,웰리힐리퍼블릭,횡성군 둔내면 고원로 451,웰리힐리퍼블릭,조항로 360지번조항리 103-1,,https://naver.me/57VnTw1t,,,,unknown,,,,,https://search.naver.com/search.naver?where=nexearch&query=%EC%9B%B0%EB%A6%AC%ED%9E%90%EB%A6%AC%ED%8D%BC%EB%B8%94%EB%A6%AD,medium,,,,,,,,,,,,,,pending,pending,pending,pending,pending,pending,,
gc-085e92730123,웰링턴컨트리클럽,경기도 이천시 모가면 사실로 725번길 119-73,웰링턴CC,경기 이천시 모가면 사실로725번길 119-73,031-645-1800,https://youtu.be/hoLzH1revMg?si=ABzG-AaOjwdkjD6R,,,,unknown,2.6,2.6/10,90,,https://search.naver.com/search.naver?where=nexearch&query=%EC%9B%B0%EB%A7%81%ED%84%B4%EC%BB%A8%ED%8A%B8%EB%A6%AC%ED%81%B4%EB%9F%BD,high,,,,,,,,,,,,,,pending,pending,pending,pending,pending,pending,,
gc-a026faeee8ac,윈체스트 골프클럽 대중,경기도 안성시 서운면 오촌길 97-31,윈체스트골프클럽(비회원),2024.11.30.윈체스트 골프클럽 대중 상세 정보입니다. 경기도 안성시 서운면 오촌리 173-4 위치입니다. 경기도 안성시 서운면 오촌길 97-31,031-671-7909,https://pf.kakao.com/_xhyTxgn,,,,unknown,,,,,https://search.naver.com/search.naver?where=nexearch&query=%EC%9C%88%EC%B2%B4%EC%8A%A4%ED%8A%B8%20%EA%B3%A8%ED%94%84%ED%81%B4%EB%9F%BD%20%EB%8C%80%EC%A4%91%20%EB%84%A4%EC%9D%B4%EB%B2%84,medium,,,,,,,,,,,,,,pending,pending,pending,pending,pending,pending,,
gc-120c785ee7a3,은화삼컨트리클럽,경기도 용인시 처인구 백옥대로 860-38,은화삼CC,경기 용인시 처인구 백옥대로 860-38,031-335-8255,http://www.ehscc.co.kr/,,,,unknown,5.7,5.7/10,92,,https://search.naver.com/search.naver?where=nexearch&query=%EC%9D%80%ED%99%94%EC%82%BC%EC%BB%A8%ED%8A%B8%EB%A6%AC%ED%81%B4%EB%9F%BD,high,,,,,,,,,,,,,,pending,pending,pending,pending,pending,pending,,
gc-1f3e33adbac2,이글몬트CC,경기도 안성시 보개면 보삼로 106,이글몬트CC,경기 안성시 보개면 보삼로 106,031-288-0900,https://www.golfzoncounty.com/golfclub/main?golfclubSeq=64,"네이버 예약: 160,000원; 190,000원; 210,000원; 260,000원",160000,260000,reservation_price,8.7,8.7/10,94,"네이버 예약: 160,000원; 190,000원; 210,000원; 260,000원",https://search.naver.com/search.naver?where=nexearch&query=%EC%9D%B4%EA%B8%80%EB%AA%AC%ED%8A%B8CC,high,,,,,,,,,,,,,,pending,pending,pending,pending,pending,pending,,
gc-b37c66474de6,이스트밸리CC,경기도 광주시 곤지암읍 건업길 195,이스트밸리CC,경기 광주시 곤지암읍 건업길 195,031-760-3800,http://www.eastvalley.co.kr/,,,,unknown,2,2/10,89,,https://search.naver.com/search.naver?where=nexearch&query=%EC%9D%B4%EC%8A%A4%ED%8A%B8%EB%B0%B8%EB%A6%ACCC,high,,,,,,,,,,,,,,pending,pending,pending,pending,pending,pending,,
gc-403c1dbe574a,이천실크밸리골프클럽,경기도 이천시 율면 임오산로 296,이천실크밸리골프클럽,경기도 이천시 율면 임오산로 296,031-639-0077,,,,,unknown,,,,,https://search.naver.com/search.naver?where=nexearch&query=%EC%9D%B4%EC%B2%9C%EC%8B%A4%ED%81%AC%EB%B0%B8%EB%A6%AC%EA%B3%A8%ED%94%84%ED%81%B4%EB%9F%BD,high,,,,,,,,,,,,,,pending,pending,pending,pending,pending,pending,,
gc-75ecca302d46,이포골프장,경기도 여주시 금사면 장흥로 416,이포골프장(회원),경기 여주시 금사면 장흥로 416,031-886-8100,https://www.ipocc.com/,,,,unknown,4.7,4.7/10,91,,https://search.naver.com/search.naver?where=nexearch&query=%EC%9D%B4%ED%8F%AC%EA%B3%A8%ED%94%84%EC%9E%A5,high,,,,,,,,,,,,,,pending,pending,pending,pending,pending,pending,,
gc-60319bf1693c,인천그랜드컨트리클럽,인천시 서구 원석로 195,인천그랜드CC,인천 서구 원석로 195,032-584-3111,http://www.incheongrand.cc/,그린은 걸레에 모래가 가득이고 그린피는 277000으로 넘 비싸고 주변은 온통 공사고 절대 오면 안될듯,277000,277000,green_fee,,,,,https://search.naver.com/search.naver?where=nexearch&query=%EC%9D%B8%EC%B2%9C%EA%B7%B8%EB%9E%9C%EB%93%9C%EC%BB%A8%ED%8A%B8%EB%A6%AC%ED%81%B4%EB%9F%BD,high,,,,,,,,,,,,,,,,,,,,,
gc-cbe46e8a03a2,인터불고원주골프클럽,원주시 동부순환로 200(반곡동),호텔인터불고 원주 퍼블릭 골프클럽,강원 원주시 동부순환로 200 인터불고 원주,033-769-8280,https://ibgolfclub.com/view/index.do,"네이버 예약: 119,000원",119000,119000,reservation_price,5.6,5.6/10,92,"네이버 예약: 119,000원",https://search.naver.com/search.naver?where=nexearch&query=%EC%9D%B8%ED%84%B0%EB%B6%88%EA%B3%A0%EC%9B%90%EC%A3%BC%EA%B3%A8%ED%94%84%ED%81%B4%EB%9F%BD,high,,,,,,,,,,,,,,pending,pending,pending,pending,pending,pending,,
gc-02352ab50684,일동레이크 골프클럽,경기도 포천시 일동면 화동로 738,일동레이크 골프클럽,경기 포천시 일동면 화동로 738 일동레이크,031-539-5900,http://www.ildonglakes.co.kr/,,,,unknown,5,5/10,92,,https://search.naver.com/search.naver?where=nexearch&query=%EC%9D%BC%EB%8F%99%EB%A0%88%EC%9D%B4%ED%81%AC%20%EA%B3%A8%ED%94%84%ED%81%B4%EB%9F%BD,high,,,,,,,,,,,,,,pending,pending,pending,pending,pending,pending,,
gc-d569726d2503,일동레이크대중제골프장,경기도 포천시 일동면 화동로 738,일동레이크대중제골프장(비회원),"경기도 포천시 일동면 화동로 738에 위치한 일동레이크대중제골프장의 상세 정보. 시설 면적, 운영 형태, 위치 정보를 확인하세요.",031-540-5020,,,,,unknown,,,,,https://search.naver.com/search.naver?where=nexearch&query=%EC%9D%BC%EB%8F%99%EB%A0%88%EC%9D%B4%ED%81%AC%EB%8C%80%EC%A4%91%EC%A0%9C%EA%B3%A8%ED%94%84%EC%9E%A5,high,,,,,,,,,,,,,,pending,pending,pending,pending,pending,pending,,
gc-41b5c15f44da,일산스프링힐스 컨트리클럽,경기도 고양시 일산동구 산황로 108,일산스프링힐스CC,경기 고양시 일산동구 산황로 108,031-969-2000,http://springhills.co.kr,"네이버 예약: 150,000원; 160,000원; 165,000원",150000,165000,reservation_price,7.2,7.2/10,93,"네이버 예약: 150,000원; 160,000원; 165,000원",https://search.naver.com/search.naver?where=nexearch&query=%EC%9D%BC%EC%82%B0%EC%8A%A4%ED%94%84%EB%A7%81%ED%9E%90%EC%8A%A4%20%EC%BB%A8%ED%8A%B8%EB%A6%AC%ED%81%B4%EB%9F%BD,high,,,,,,,,,,,,,,pending,pending,pending,pending,pending,pending,,
gc-51bfec26aa96,자유컨트리클럽,경기도 여주시 가남읍 자유그린길 69,자유CC,경기 여주시 가남읍 자유그린길 69,031-887-7700,,,,,unknown,2.7,2.7/10,90,,https://search.naver.com/search.naver?where=nexearch&query=%EC%9E%90%EC%9C%A0%EC%BB%A8%ED%8A%B8%EB%A6%AC%ED%81%B4%EB%9F%BD,high,,,,,,,,,,,,,,pending,pending,pending,pending,pending,pending,,
gc-5acca8d60a68,제이드팰리스 골프클럽,춘천시 남산면 경춘로 212-30,제이드팰리스 골프클럽,강원 춘천시 남산면 경춘로 212-30,033-260-8000,http://www.jadepalacegc.com,,,,unknown,,,,,https://search.naver.com/search.naver?where=nexearch&query=%EC%A0%9C%EC%9D%B4%EB%93%9C%ED%8C%B0%EB%A6%AC%EC%8A%A4%20%EA%B3%A8%ED%94%84%ED%81%B4%EB%9F%BD,high,,,,,,,,,,,,,,pending,pending,pending,pending,pending,pending,,
gc-5e74f5c1f4b5,제일컨트리클럽,경기도 안산시 상록구 태마당로28(부곡동),제일CC,경기 안산시 상록구 태마당로 28,031-400-2500,http://www.jaeil-cc.co.kr/,,,,unknown,1.3,1.3/10,87,,https://search.naver.com/search.naver?where=nexearch&query=%EC%A0%9C%EC%9D%BC%EC%BB%A8%ED%8A%B8%EB%A6%AC%ED%81%B4%EB%9F%BD,high,,,,,,,,,,,,,,pending,pending,pending,pending,pending,pending,,
gc-f28133275bb9,중부컨트리클럽,경기도 광주시 곤지암읍 경충대로 451,중부CC,,031-762-6588,https://hansol4222.tistory.com/1,,,,unknown,,,,,https://search.naver.com/search.naver?where=nexearch&query=%EC%A4%91%EB%B6%80C.C,medium,,,,,,,,,,,,,,pending,pending,pending,pending,pending,pending,,
gc-20c1df4aa8fb,지산컨트리클럽,경기도 용인시 처인구 원삼면 죽양대로 2000번길 60,지산컨트리클럽,경기 용인시 처인구 원삼면 맹리 산29-6,031-330-1400,http://www.jisangolf.com/,,,,unknown,2.2,2.2/10,89,,https://search.naver.com/search.naver?where=nexearch&query=%EC%A7%80%EC%82%B0%EC%BB%A8%ED%8A%B8%EB%A6%AC%ED%81%B4%EB%9F%BD,high,,,,,,,,,,,,,,pending,pending,pending,pending,pending,pending,,
gc-4687a4044d34,지산퍼블릭,경기도 용인시 처인구 원삼면 죽양대로 2100번길 60,지산 퍼블릭 (9홀),경기 용인시 처인구 원삼면 죽양대로2000번길 60,031-330-1400,,,,,unknown,,,,,https://search.naver.com/search.naver?where=nexearch&query=%EC%A7%80%EC%82%B0%ED%8D%BC%EB%B8%94%EB%A6%AD,high,,,,,,,,,,,,,,pending,pending,pending,pending,pending,pending,,
gc-825e9c261de2,참밸리 컨트리클럽,경기도 포천시 삼육사로 1982,참밸리컨트리클럽,경기도 포천시 삼육사로 1982 (설운동),031-861-6123,https://band.us/n/a0a8b0SaE6HbL,,,,unknown,,,,,https://search.naver.com/search.naver?where=nexearch&query=%EC%B0%B8%EB%B0%B8%EB%A6%AC%20%EC%BB%A8%ED%8A%B8%EB%A6%AC%ED%81%B4%EB%9F%BD,high,,,,,,,,,,,,,,pending,pending,pending,pending,pending,pending,,
gc-568fcaa60a5e,카스카디아 골프클럽,홍천군 북방면 팔봉산로 1759,카스카디아 골프클럽,강원 홍천군 북방면 팔봉산로 1759 카스카디아,033-430-0000,http://www.cascadia.kr,"네이버 예약: 280,000원; 290,000원",280000,290000,reservation_price,5.8,5.8/10,92,"네이버 예약: 280,000원; 290,000원",https://search.naver.com/search.naver?where=nexearch&query=%EC%B9%B4%EC%8A%A4%EC%B9%B4%EB%94%94%EC%95%84%20%EA%B3%A8%ED%94%84%ED%81%B4%EB%9F%BD,high,,,,,,,,,,,,,,pending,pending,pending,pending,pending,pending,,
gc-3e570fca0614,캐슬렉스골프클럽,경기도 하남시 감이로 317(감이동),캐슬렉스서울GC,경기 하남시 감이로 317 클럽하우스,064-793-6688,http://www.castlexseoul.com,,,,unknown,3.5,3.5/10,91,,https://search.naver.com/search.naver?where=nexearch&query=%EC%BA%90%EC%8A%AC%EB%A0%89%EC%8A%A4%EA%B3%A8%ED%94%84%ED%81%B4%EB%9F%BD,high,,,,,,,,,,,,,,pending,pending,pending,pending,pending,pending,,
gc-2cf253808f7a,캐슬파인골프클럽,경기도 여주시 강천면 부평로 580,캐슬파인 골프클럽,경기도 여주시 강천면 부평로 580,031-880-8656,,,,,unknown,,,,,https://search.naver.com/search.naver?where=nexearch&query=%EC%BA%90%EC%8A%AC%ED%8C%8C%EC%9D%B8%EA%B3%A8%ED%94%84%ED%81%B4%EB%9F%BD,high,,,,,,,,,,,,,,pending,pending,pending,pending,pending,pending,,
gc-4487ee52808c,코리아대중CC,경기도 용인시 기흥구 기흥단지로 224,코리아대중CC,"2026.05.01.용인시 기흥구 고매동에 위치한 '코리아대중CC'의 위치, 골프장 골프장",031-324-2383,,,,,unknown,,,,,https://search.naver.com/search.naver?where=nexearch&query=%EC%BD%94%EB%A6%AC%EC%95%84%EB%8C%80%EC%A4%91CC,high,,,,,,,,,,,,,,pending,pending,pending,pending,pending,pending,,
gc-0086afc84101,코리아컨트리클럽,경기도 용인시 처인구 이동읍 기흥단지로 579,코리아CC,경기 용인시 처인구 이동읍 기흥단지로 579,031-334-7111,http://www.gakorea.com/,"네이버 예약: 260,000원; 300,000원",260000,300000,reservation_price,4.9,4.9/10,92,"네이버 예약: 260,000원; 300,000원",https://search.naver.com/search.naver?where=nexearch&query=%EC%BD%94%EB%A6%AC%EC%95%84%EC%BB%A8%ED%8A%B8%EB%A6%AC%ED%81%B4%EB%9F%BD,high,,,,,,,,,,,,,,pending,pending,pending,pending,pending,pending,,
gc-426fc575906a,클럽모우골프 &라이프스타일,홍천군 서면 장락동길 111,클럽모우골프 &라이프스타일,"강원특별자치도 홍천군 서면 장락동길 111-0에 위치한 클럽모우 골프＆라이프 스타일의 상세 정보. 시설 면적, 운영 형태, 위치 정보를 확인하세요.",033-439-9000,https://naver.me/IDkgvaK3,,,,unknown,,,,,https://search.naver.com/search.naver?where=nexearch&query=%ED%81%B4%EB%9F%BD%EB%AA%A8%EC%9A%B0%EA%B3%A8%ED%94%84%20%26%EB%9D%BC%EC%9D%B4%ED%94%84%EC%8A%A4%ED%83%80%EC%9D%BC%20%EA%B7%B8%EB%A6%B0%ED%94%BC,high,,,,,,,,,,,,,,pending,pending,pending,pending,pending,pending,,
gc-9eb46dae9c9d,타이거CC 골프장,경기도 파주시 법원읍 술이홀로 1803,타이거CC골프장,2026.03.07.골프 인플루언서 피칸씨입니다. 오늘은 수도권에서 라운드를 계획 중이신 분들을 위해 접근성 좋은 수도권 퍼블릭 골프장 타이거cc 후기를 보여드릴게요 : ) 타이거cc 경기 파주시 법원읍 술이홀로 1,031-958-8900,,,,,unknown,,,,,https://search.naver.com/search.naver?where=nexearch&query=%ED%83%80%EC%9D%B4%EA%B1%B0CC%20%EA%B3%A8%ED%94%84%EC%9E%A5,high,,,,,,,,,,,,,,pending,pending,pending,pending,pending,pending,,
gc-3d63d3179c0f,태광컨트리클럽(대중제),경기도 용인시 기흥구 흥덕4로 77,태광 컨트리클럽,경기도 용인시 기흥구 흥덕4로 77 (신갈동),02-576-4666,,,,,unknown,,,,,https://search.naver.com/search.naver?where=nexearch&query=%ED%83%9C%EA%B4%91%EC%BB%A8%ED%8A%B8%EB%A6%AC%ED%81%B4%EB%9F%BD(%EB%8C%80%EC%A4%91%EC%A0%9C),high,,,,,,,,,,,,,,pending,pending,pending,pending,pending,pending,,
gc-9da6f2a0f2d9,태광컨트리클럽(회원제),경기도 용인시 기흥구 흥덕4로 77,태광컨트리클럽(회원제),"2025.08.20.태광CC 용인 태광 컨트리클럽, 태광 회원제 라운딩 주소: 경기도 용인시 기흥구 흥덕4로77 (신갈동) 전화: 1877-6001 그린피: 평균 20만원 후반대, 주말 30만원 (홈페이지 공지 참고",070-8189-6001,,,,,unknown,,,,,https://search.naver.com/search.naver?where=nexearch&query=%ED%83%9C%EA%B4%91%EC%BB%A8%ED%8A%B8%EB%A6%AC%ED%81%B4%EB%9F%BD(%ED%9A%8C%EC%9B%90%EC%A0%9C),high,,,,,,,,,,,,,,pending,pending,pending,pending,pending,pending,,
gc-716264430902,태기산 나인CC,강원특별자치도 평창군 봉평면 태기로 174,태기산 나인 CC,강원 평창군 봉평면 무이리 696,1577-0755,https://phoenixhnr.co.kr/static/pyeongchang/golf/taegisan-intro,,,,unknown,5.4,5.4/10,92,,https://search.naver.com/search.naver?where=nexearch&query=%ED%83%9C%EA%B8%B0%EC%82%B0%20%EB%82%98%EC%9D%B8CC,high,,,,,,,,,,,,,,pending,pending,pending,pending,pending,pending,,
gc-79abd327c051,티클라우드컨트리클럽,경기도 동두천시 평화로 3202,티클라우드CC,경기 동두천시 평화로 3202,031-869-7777,http://www.teecloud.co.kr/,,,,unknown,6.6,6.6/10,92,,https://search.naver.com/search.naver?where=nexearch&query=%ED%8B%B0%ED%81%B4%EB%9D%BC%EC%9A%B0%EB%93%9C%EC%BB%A8%ED%8A%B8%EB%A6%AC%ED%81%B4%EB%9F%BD,high,,,,,,,,,,,,,,pending,pending,pending,pending,pending,pending,,
gc-9e436bbbf364,파가니카컨트리클럽,춘천시 남면 소주고개로 145-10,파가니카컨트리클럽,충청북도 청주시 서원구 남이면 문곡구절골길 235,033-261-6556,https://www.onetheclub.com/paganica/main,,,,unknown,,,,,https://search.naver.com/search.naver?where=nexearch&query=%ED%8C%8C%EA%B0%80%EB%8B%88%EC%B9%B4%EC%BB%A8%ED%8A%B8%EB%A6%AC%ED%81%B4%EB%9F%BD,medium,,,,,,,,,,,,,,pending,pending,pending,pending,pending,pending,,
gc-4454a258c3a6,파인리즈컨트리클럽,고성군 토성면 잼버리동로 267,파인리즈CC,강원 고성군 토성면 잼버리동로 267 파인리즈 관광숙박시설(빌라콘도),1577-6399,http://www.pineridge.co.kr,"네이버 예약: 220,000원",220000,220000,reservation_price,8.8,8.8/10,94,"네이버 예약: 220,000원",https://search.naver.com/search.naver?where=nexearch&query=%ED%8C%8C%EC%9D%B8%EB%A6%AC%EC%A6%88%EC%BB%A8%ED%8A%B8%EB%A6%AC%ED%81%B4%EB%9F%BD,high,,,,,,,,,,,,,,pending,pending,pending,pending,pending,pending,,
gc-5d96ff075544,파인밸리컨트리클럽,삼척시 근덕면 미근로 1629,파인밸리CC,강원 삼척시 근덕면 교곡리 445-1,033-573-0874,http://www.tyleisure.co.kr/mobile_pinevalley.asp,"네이버 예약: 145,000원",145000,145000,reservation_price,9.7,9.7/10,95,"네이버 예약: 145,000원",https://search.naver.com/search.naver?where=nexearch&query=%ED%8C%8C%EC%9D%B8%EB%B0%B8%EB%A6%AC%EC%BB%A8%ED%8A%B8%EB%A6%AC%ED%81%B4%EB%9F%BD,high,,,,,,,,,,,,,,pending,pending,pending,pending,pending,pending,,
gc-cd449267e87f,파인크리크C.C,경기도 안성시 양성면 안성맞춤대로 2417-13,파인크리크C.C안성시,#협찬 📍경기 안성시 양성면 안성맞춤대로 2289-11 가동 1층 #포웰cc...,031-672-0071,,,,,unknown,,,,,https://search.naver.com/search.naver?where=nexearch&query=%ED%8C%8C%EC%9D%B8%ED%81%AC%EB%A6%AC%ED%81%ACC.C%20%EC%95%88%EC%84%B1%EC%8B%9C,high,,,,,,,,,,,,,,pending,pending,pending,pending,pending,pending,,
gc-81becbdb274e,파주 J-Public 골프장,경기도 파주시 조리읍 장곡로 100,파주J-Public,"2025.07.18.골린이들이 부담 없이 방문할 수 있는 파주 제이퍼블릭 컨트리클럽(J‑Public CC) 다녀온 후기 입니다! 서울 인근 수도권에서 쉽게 접근할 수 있고 가성비 좋은 6홀 퍼블릭 골프장으로, 특히",031-8071-0808,,,,,unknown,,,,,https://search.naver.com/search.naver?where=nexearch&query=%ED%8C%8C%EC%A3%BC%20J-Public,medium,,,,,,,,,,,,,,pending,pending,pending,pending,pending,pending,,
gc-34f4d067cfc2,파주컨트리클럽,경기도 파주시 법원읍 화합로 306,파주C.C,경기도 파주시 법원읍 화합로 306,031-959-9999,,,,,unknown,,,,,https://search.naver.com/search.naver?where=nexearch&query=%ED%8C%8C%EC%A3%BCC.C,high,,,,,,,,,,,,,,pending,pending,pending,pending,pending,pending,,
gc-52110494ceac,파크밸리골프클럽,원주시 소초면 바우실길 281,파크밸리GC,강원 원주시 소초면 바우실길 281,033-744-4000,http://www.parkvalley.co.kr/,"네이버 예약: 129,000원; 139,000원; 149,000원",129000,149000,reservation_price,5.6,5.6/10,92,"네이버 예약: 129,000원; 139,000원; 149,000원",https://search.naver.com/search.naver?where=nexearch&query=%ED%8C%8C%ED%81%AC%EB%B0%B8%EB%A6%AC%EA%B3%A8%ED%94%84%ED%81%B4%EB%9F%BD,high,,,,,,,,,,,,,,pending,pending,pending,pending,pending,pending,,
gc-bd3f6011928e,페럼클럽,경기도 여주시 점동면 점동로 181,페럼클럽CC,경기 여주시 점동면 점동로 181,031-887-7000,http://www.ferrumclub.com/,"네이버 예약: 235,000원; 245,000원; 255,000원; 265,000원; 275,000원",235000,275000,reservation_price,8.8,8.8/10,94,"네이버 예약: 235,000원; 245,000원; 255,000원; 265,000원; 275,000원",https://search.naver.com/search.naver?where=nexearch&query=%ED%8E%98%EB%9F%BC%ED%81%B4%EB%9F%BD,high,,,,,,,,,,,,,,pending,pending,pending,pending,pending,pending,,
gc-b7fd5ee009ca,포레스트힐 컨트리클럽,경기도 포천시 화현면 봉화로 253,포레스트힐 컨트리클럽,경기 포천시 화현면 봉화로 253,031-530-8000,http://www.foresthill.kr/,"네이버 예약: 110,000원; 120,000원; 180,000원; 187,500원; 195,000원",110000,195000,reservation_price,9.3,9.3/10,94,"네이버 예약: 110,000원; 120,000원; 180,000원; 187,500원; 195,000원",https://search.naver.com/search.naver?where=nexearch&query=%ED%8F%AC%EB%A0%88%EC%8A%A4%ED%8A%B8%ED%9E%90%20%EC%BB%A8%ED%8A%B8%EB%A6%AC%ED%81%B4%EB%9F%BD,high,,,,,,,,,,,,,,pending,pending,pending,pending,pending,pending,,
gc-5062dbcbfa1c,포웰CC 안성,경기도 안성시 양성면 약산길 67-6,포웰CC안성,경기 안성시 양성면 약산길 67-6 포웰CC안성,031-612-6000,http://as.4wellcc.com/,"네이버 예약: 120,000원; 135,000원; 140,000원; 145,000원; 150,000원; 170,000원",120000,170000,reservation_price,8.7,8.7/10,94,"네이버 예약: 120,000원; 135,000원; 140,000원; 145,000원; 150,000원; 170,000원",https://search.naver.com/search.naver?where=nexearch&query=%ED%8F%AC%EC%9B%B0CC%20%EC%95%88%EC%84%B1,high,,,,,,,,,,,,,,pending,pending,pending,pending,pending,pending,,
gc-e2614722e86e,포천아도니스 대중골프장,경기도 포천시 신북면 포천로 2499,포천아도니스대중골프장,2024.11.30.포천아도니스 대중골프장 상세 정보입니다. 경기도 포천시 신북면 고일리 산 59 위치입니다. 경기도 포천시 신북면 포천로 2499,031-540-5020,,,,,unknown,,,,,https://search.naver.com/search.naver?where=nexearch&query=%ED%8F%AC%EC%B2%9C%EC%95%84%EB%8F%84%EB%8B%88%EC%8A%A4%20%EB%8C%80%EC%A4%91%EA%B3%A8%ED%94%84%EC%9E%A5,high,,,,,,,,,,,,,,pending,pending,pending,pending,pending,pending,,
gc-4884a38f1896,포천아도니스 C.C,경기도 포천시 신북면 포천로 2499,아도니스 컨트리클럽,경기도 포천시 신북면 포천로 2499,031-530-9100,,,,,unknown,,,,,https://search.naver.com/search.naver?where=nexearch&query=%ED%8F%AC%EC%B2%9C%EC%95%84%EB%8F%84%EB%8B%88%EC%8A%A4%20C.C,high,,,,,,,,,,,,,,pending,pending,pending,pending,pending,pending,,
gc-564e2ae6067a,포천힐스 컨트리클럽,경기도 포천시 군내면 반월산성로 375번길 34,포천힐스CC,경기 포천시 군내면 반월산성로375번길 34,031-538-7000,http://www.fortunehills.co.kr/,,,,unknown,8.6,8.6/10,94,,https://search.naver.com/search.naver?where=nexearch&query=%ED%8F%AC%EC%B2%9C%ED%9E%90%EC%8A%A4%20%EC%BB%A8%ED%8A%B8%EB%A6%AC%ED%81%B4%EB%9F%BD,high,,,,,,,,,,,,,,pending,pending,pending,pending,pending,pending,,
gc-f2158c0fa417,푸른솔 골프클럽 포천,경기도 포천시 가산면 금우로276,푸른솔포천 전경,경기 포천시 가산면 금우로 276,031-850-3000,https://www.purunsol.co.kr/,,,,unknown,9.5,9.5/10,95,,https://search.naver.com/search.naver?where=nexearch&query=%ED%91%B8%EB%A5%B8%EC%86%94%20%EA%B3%A8%ED%94%84%ED%81%B4%EB%9F%BD%20%ED%8F%AC%EC%B2%9C,high,,,,,,,,,,,,,,pending,pending,pending,pending,pending,pending,,
gc-b4f940680084,프리스틴밸리 골프클럽,경기도 가평군 설악면 유명로 1243-199,프리스틴밸리GC,경기 가평군 설악면 유명로 1243-199,031-589-2000,http://www.pristinevalley.co.kr/,,,,unknown,,,,,https://search.naver.com/search.naver?where=nexearch&query=%ED%94%84%EB%A6%AC%EC%8A%A4%ED%8B%B4%EB%B0%B8%EB%A6%AC%20%EA%B3%A8%ED%94%84%ED%81%B4%EB%9F%BD,high,,,,,,,,,,,,,,pending,pending,pending,pending,pending,pending,,
gc-4af8a2f8ed32,플라자CC,경기도 용인시 처인구 남사읍 봉무로 153번길 79,플라자CC 용인,2021.10.01.♡ 얼마전 용인에있는 플라자cc (PLAZA CC)를 지인찬스로 다녀왔습니다. 경기도 용인시 처인구 남사면 봉무로 135번길 79 한화리조트 031-333-1144 회원제 36홀 용인플라자CC 들,031-323-3311,,,,,unknown,,,,,https://search.naver.com/search.naver?where=nexearch&query=%ED%94%8C%EB%9D%BC%EC%9E%90CC,high,,,,,,,,,,,,,,pending,pending,pending,pending,pending,pending,,
gc-b46ed64b80b6,필로스 골프클럽,경기도 포천시 일동면 운악청계로 1507,필로스GC,경기 포천시 일동면 운악청계로 1507,031-539-8900,http://www.philosgc.com/,"네이버 예약: 160,000원; 170,000원; 180,000원",160000,180000,reservation_price,7.5,7.5/10,93,"네이버 예약: 160,000원; 170,000원; 180,000원",https://search.naver.com/search.naver?where=nexearch&query=%ED%95%84%EB%A1%9C%EC%8A%A4%20%EA%B3%A8%ED%94%84%ED%81%B4%EB%9F%BD,high,,,,,,,,,,,,,,pending,pending,pending,pending,pending,pending,,
gc-658a43bb77b8,하이원컨트리클럽,정선군 고한읍 고한7길 399,하이원CC,강원 정선군 고한읍 고한리 418,1588-7789,http://high1.com/golf/index.do,"네이버 예약: 133,000원; 170,000원",133000,170000,reservation_price,9.8,9.8/10,96,"네이버 예약: 133,000원; 170,000원",https://search.naver.com/search.naver?where=nexearch&query=%ED%95%98%EC%9D%B4%EC%9B%90%EC%BB%A8%ED%8A%B8%EB%A6%AC%ED%81%B4%EB%9F%BD,high,,,,,,,,,,,,,,pending,pending,pending,pending,pending,pending,,
gc-16fca0551d98,한림안성,경기도 안성시 양성면 양성로 349-61,한림안성CC,경기 안성시 양성면 양성로 349-61,031-671-7153,http://www.hanlimgolf.co.kr/,"네이버 예약: 90,000원; 130,000원; 170,000원",90000,170000,reservation_price,9.8,9.8/10,96,"네이버 예약: 90,000원; 130,000원; 170,000원",https://search.naver.com/search.naver?where=nexearch&query=%ED%95%9C%EB%A6%BC%EC%95%88%EC%84%B1,high,,,,,,,,,,,,,,pending,pending,pending,pending,pending,pending,,
gc-8b59a320f132,한림용인CC,경기도 용인시 처인구 남사읍 경기동로 628,한림용인CC,경기 용인시 처인구 남사읍 경기동로 628 한림용인CC,031-336-8350,http://www.hanlimgolf.co.kr/,"네이버 예약: 170,000원; 230,000원",170000,230000,reservation_price,5,5/10,92,"네이버 예약: 170,000원; 230,000원",https://search.naver.com/search.naver?where=nexearch&query=%ED%95%9C%EB%A6%BC%EC%9A%A9%EC%9D%B8CC,high,,,,,,,,,,,,,,pending,pending,pending,pending,pending,pending,,
gc-c2ad879f8193,한성컨트리클럽,경기도 용인시 기흥구 구교동로 151,한성CC,경기 용인시 기흥구 마북동 산32-3,031-284-3831,http://www.hansung-cc.co.kr/,,,,unknown,2.1,2.1/10,89,,https://search.naver.com/search.naver?where=nexearch&query=%ED%95%9C%EC%84%B1%EC%BB%A8%ED%8A%B8%EB%A6%AC%ED%81%B4%EB%9F%BD,high,,,,,,,,,,,,,,pending,pending,pending,pending,pending,pending,,
gc-27324df1736a,한양컨트리클럽,경기도 고양시 덕양구 고양대로1643번길 164,한양컨트리클럽,(우) 10293 경기도 고양 덕양구 고양대로1643번길 164,031-960-6900,https://gongu.copyright.or.kr/,,,,unknown,,,,,https://search.naver.com/search.naver?where=nexearch&query=%ED%95%9C%EC%96%91%EC%BB%A8%ED%8A%B8%EB%A6%AC%ED%81%B4%EB%9F%BD,high,,,,,,,,,,,,,,pending,pending,pending,pending,pending,pending,,
gc-1faa083d0616,한양파인컨트리클럽,경기도 고양시 덕양구 고양대로 1591,한양파인CC,경기 고양시 덕양구 고양대로 1591,031-930-9100,http://www.hypine.co.kr/,,,,unknown,4.6,4.6/10,91,,https://search.naver.com/search.naver?where=nexearch&query=%ED%95%9C%EC%96%91%ED%8C%8C%EC%9D%B8%EC%BB%A8%ED%8A%B8%EB%A6%AC%ED%81%B4%EB%9F%BD,high,,,,,,,,,,,,,,pending,pending,pending,pending,pending,pending,,
gc-9a7ff16abcee,한원컨트리클럽,경기도 용인시 처인구 남사읍 전나무골길2번길 94,한원CC,경기 용인시 처인구 남사읍 전나무골길2번길 94,031-379-8111,https://www.hanwoncc.co.kr/,"네이버 예약: 220,000원",220000,220000,reservation_price,3.1,3.1/10,90,"네이버 예약: 220,000원",https://search.naver.com/search.naver?where=nexearch&query=%ED%95%9C%EC%9B%90%EC%BB%A8%ED%8A%B8%EB%A6%AC%ED%81%B4%EB%9F%BD,high,,,,,,,,,,,,,,pending,pending,pending,pending,pending,pending,,
gc-57059262e040,한탄강컨트리클럽,철원군 갈말읍 순담길 59,한탄강CC,강원 철원군 갈말읍 순담길 59,033-452-5700,http://www.hantancc.co.kr/,,,,unknown,8.6,8.6/10,94,,https://search.naver.com/search.naver?where=nexearch&query=%ED%95%9C%ED%83%84%EA%B0%95%EC%BB%A8%ED%8A%B8%EB%A6%AC%ED%81%B4%EB%9F%BD,high,,,,,,,,,,,,,,pending,pending,pending,pending,pending,pending,,
gc-01a5e4501db9,해비치 컨트리클럽,경기도 남양주시 화도읍 재재기로 190번길 160,해비치 컨트리클럽 제주,제주 서귀포시 남원읍 원님로399번길 319,064-766-6200,https://www.haevichi.com/ccjeju/ko/,"네이버 예약: 202,000원; 212,000원",202000,212000,reservation_price,7.1,7.1/10,93,"네이버 예약: 202,000원; 212,000원",https://search.naver.com/search.naver?where=nexearch&query=%ED%95%B4%EB%B9%84%EC%B9%98%20%EC%BB%A8%ED%8A%B8%EB%A6%AC%ED%81%B4%EB%9F%BD,medium,,,,,,,,,,,,,,pending,pending,pending,pending,pending,pending,,
gc-f4bb9638f567,해솔리아 컨트리클럽,경기도 용인시 처인구 이동읍 백자로 369,해솔리아CC,경기 용인시 처인구 이동읍 백자로 369,031-321-7755,http://www.haesoliacc.co.kr/,"네이버 예약: 200,000원",200000,200000,reservation_price,5.4,5.4/10,92,"네이버 예약: 200,000원",https://search.naver.com/search.naver?where=nexearch&query=%ED%95%B4%EC%86%94%EB%A6%AC%EC%95%84%20%EC%BB%A8%ED%8A%B8%EB%A6%AC%ED%81%B4%EB%9F%BD,high,,,,,,,,,,,,,,pending,pending,pending,pending,pending,pending,,
gc-c6db7aa6cbe6,해슬리나인브릿지 컨트리클럽,경기도 여주시 명품1로 76,해슬리나인브릿지CC,경기 여주시 명품1로 76,031-887-9999,http://www.haesley.com/,,,,unknown,,,,,https://search.naver.com/search.naver?where=nexearch&query=%ED%95%B4%EC%8A%AC%EB%A6%AC%EB%82%98%EC%9D%B8%EB%B8%8C%EB%A6%BF%EC%A7%80%20%EC%BB%A8%ED%8A%B8%EB%A6%AC%ED%81%B4%EB%9F%BD,high,,,,,,,,,,,,,,pending,pending,pending,pending,pending,pending,,
gc-ab63350a5577,화산컨트리클럽,경기도 용인시 처인구 이동읍 화산로 239,화산CC,경기 용인시 처인구 이동읍 화산로 239 화산CC,031-329-7114,http://www.hwasancc.com/,,,,unknown,7,7/10,92,,https://search.naver.com/search.naver?where=nexearch&query=%ED%99%94%EC%82%B0%EC%BB%A8%ED%8A%B8%EB%A6%AC%ED%81%B4%EB%9F%BD,high,,,,,,,,,,,,,,pending,pending,pending,pending,pending,pending,,
gc-4905c6ca9b75,화성 상록G.C,경기도 화성시 풀무골로60번길 80,화성상록G.C,,031-371-0100,,,,,unknown,,,,,https://search.naver.com/search.naver?where=nexearch&query=%ED%99%94%EC%84%B1%20%EC%83%81%EB%A1%9DG.C,medium,,,,,,,,,,,,,,pending,pending,pending,pending,pending,pending,,
gc-5ec5b76d3c22,화성골프클럽,경기도 화성시 남양읍 화성로 1393-27,화성GC,경기 화성시 남양읍 화성로 1393-27,031-369-8900,http://www.hwaseonggc.com/,"네이버 예약: 110,000원; 120,000원; 130,000원; 140,000원",110000,140000,reservation_price,2.7,2.7/10,90,"네이버 예약: 110,000원; 120,000원; 130,000원; 140,000원",https://search.naver.com/search.naver?where=nexearch&query=%ED%99%94%EC%84%B1%EA%B3%A8%ED%94%84%ED%81%B4%EB%9F%BD,high,,,,,,,,,,,,,,pending,pending,pending,pending,pending,pending,,
gc-98e23645d4c7,휘닉스 컨트리클럽,강원특별자치도 평창군 봉평면 면온리 1018-2,휘닉스 CC,강원 평창군 봉평면 태기로 174,1577-0755,https://phoenixhnr.co.kr/static/pyeongchang/golf/phoenix-intro,"네이버 예약: 190,000원; 240,000원",190000,240000,reservation_price,5.3,5.3/10,92,"네이버 예약: 190,000원; 240,000원",https://search.naver.com/search.naver?where=nexearch&query=%ED%9C%98%EB%8B%89%EC%8A%A4%20%EC%BB%A8%ED%8A%B8%EB%A6%AC%ED%81%B4%EB%9F%BD,high,,,,,,,,,,,,,,pending,pending,pending,pending,pending,pending,,
gc-3526f59318a4,휘슬링락컨트리클럽,춘천시 남산면 동촌로 501,휘슬링락CC,강원 춘천시 남산면 동촌로 501,033-269-2101,http://www.whistlingrockcc.com/,,,,unknown,4.4,4.4/10,91,,https://search.naver.com/search.naver?where=nexearch&query=%ED%9C%98%EC%8A%AC%EB%A7%81%EB%9D%BD%EC%BB%A8%ED%8A%B8%EB%A6%AC%ED%81%B4%EB%9F%BD,high,,,,,,,,,,,,,,pending,pending,pending,pending,pending,pending,,
gc-d7beeda963dd,힐드로사이컨트리클럽,홍천군 남면 한서로 2840,힐드로사이CC,강원 홍천군 남면 한서로 2840 힐드로사이컨트리클럽,033-439-3300,https://www.hilldeloci.co.kr,"네이버 예약: 220,000원; 240,000원",220000,240000,reservation_price,9.5,9.5/10,95,"네이버 예약: 220,000원; 240,000원",https://search.naver.com/search.naver?where=nexearch&query=%ED%9E%90%EB%93%9C%EB%A1%9C%EC%82%AC%EC%9D%B4%EC%BB%A8%ED%8A%B8%EB%A6%AC%ED%81%B4%EB%9F%BD,high,,,,,,,,,,,,,,pending,pending,pending,pending,pending,pending,,
gc-7ef394db717b,힐마루 골프앤리조트 포천,경기도 포천시 영중면 금화봉 4길 77-1,힐마루 골프앤리조트 포천,경기 포천시 영중면 금화봉4길 77 힐마루 골프앤리조트 포천,1899-5800,https://pocheon.hillmaru.com/,,,,unknown,6.7,6.7/10,92,,https://search.naver.com/search.naver?where=nexearch&query=%ED%9E%90%EB%A7%88%EB%A3%A8%20%EA%B3%A8%ED%94%84%EC%95%A4%EB%A6%AC%EC%A1%B0%ED%8A%B8%20%ED%8F%AC%EC%B2%9C,high,,,,,,,,,,,,,,pending,pending,pending,pending,pending,pending,,
gc-5b16502994d3,O2리조트 골프장,태백시 서학로 861,O2리조트골프장,서학로 739지번황지동 683,033-580-7700,https://band.us/@ryangolf,,,,unknown,,,,,https://search.naver.com/search.naver?where=nexearch&query=O2%EB%A6%AC%EC%A1%B0%ED%8A%B8%20%EA%B3%A8%ED%94%84%EC%9E%A5,medium,,,,,,,,,,,,,,pending,pending,pending,pending,pending,pending,,
gc-e6edfdd39527,O2리조트 퍼블릭골프장,태백시 서학로 861,O2리조트퍼블릭골프장,서학로 739지번황지동 683,033-580-7700,,,,,unknown,9,9/10,94,,https://search.naver.com/search.naver?where=nexearch&query=O2%EB%A6%AC%EC%A1%B0%ED%8A%B8%20%ED%8D%BC%EB%B8%94%EB%A6%AD%EA%B3%A8%ED%94%84%EC%9E%A5,medium,,,,,,,,,,,,,,pending,pending,pending,pending,pending,pending,,
gc-40bd08295048,Oak Hills컨트리클럽,원주시 지정면 오크밸리2길 58,OakHills컨트리클럽,,,,,,,unknown,,,,,https://search.naver.com/search.naver?where=nexearch&query=Oak%20Hills%EC%BB%A8%ED%8A%B8%EB%A6%AC%ED%81%B4%EB%9F%BD,medium,,,,,,,,,,,,,,pending,pending,pending,pending,pending,pending,,
gc-41b908991867,ROUTE52CC,경기도 여주시 북내면 중암1길 36,http://www.route52cc.com,경기 여주시 북내면 중암1길 36 루트 52 컨트리클럽,031-882-0052,http://www.route52cc.com,"네이버 예약: 110,000원; 190,000원; 200,000원",110000,200000,reservation_price,9.2,9.2/10,94,"네이버 예약: 110,000원; 190,000원; 200,000원",https://search.naver.com/search.naver?where=nexearch&query=ROUTE52CC,high,,,,,,,,,,,,,,pending,pending,pending,pending,pending,pending,,
gc-88f7a6754606,YJC골프클럽,경기도 여주시 월평로 78,YJC골프클럽,경기 여주시 월평로 78 YJC골프클럽,031-883-7000,http://www.yeojuclassic.co.kr/,"네이버 예약: 240,000원; 250,000원; 270,000원",240000,270000,reservation_price,2.3,2.3/10,90,"네이버 예약: 240,000원; 250,000원; 270,000원",https://search.naver.com/search.naver?where=nexearch&query=YJC%EA%B3%A8%ED%94%84%ED%81%B4%EB%9F%BD,high,,,,,,,,,,,,,,pending,pending,pending,pending,pending,pending,,
