id,name,region,city,address,query,source
gc-18f9f355721d,라데나골프클럽,강원,춘천시,춘천시 신동면 칠전동길 72,라데나골프클럽 춘천시 신동면 칠전동길 72,public_data
gc-669d8ad13333,엘리시안 강촌컨트리클럽,강원,춘천시,춘천시 남산면 북한강변길 688,엘리시안 강촌컨트리클럽 춘천시 남산면 북한강변길 688,public_data
gc-5acca8d60a68,제이드팰리스 골프클럽,강원,춘천시,춘천시 남산면 경춘로 212-30,제이드팰리스 골프클럽 춘천시 남산면 경춘로 212-30,public_data
gc-fa1419df8b1e,남춘천컨트리클럽,강원,춘천시,춘천시 신동면 오봉길 156,남춘천컨트리클럽 춘천시 신동면 오봉길 156,public_data
gc-3526f59318a4,휘슬링락컨트리클럽,강원,춘천시,춘천시 남산면 동촌로 501,휘슬링락컨트리클럽 춘천시 남산면 동촌로 501,public_data
gc-3ae54b5361c3,오너스골프클럽,강원,춘천시,춘천시 남산면 동촌로 667,오너스골프클럽 춘천시 남산면 동촌로 667,public_data
gc-9e436bbbf364,파가니카컨트리클럽,강원,춘천시,춘천시 남면 소주고개로 145-10,파가니카컨트리클럽 춘천시 남면 소주고개로 145-10,public_data
gc-56c3be8c5a61,더플레이어스 골프클럽,강원,춘천시,춘천시 동산면 새술막길 438,더플레이어스 골프클럽 춘천시 동산면 새술막길 438,public_data
gc-6b8298356e4e,로드힐스골프클럽,강원,춘천시,춘천시 동산면 종자리로 148-16,로드힐스골프클럽 춘천시 동산면 종자리로 148-16,public_data
gc-a78a36b9d428,라비에벨컨트리클럽,강원,춘천시,춘천시 동산면 종자리로 436,라비에벨컨트리클럽 춘천시 동산면 종자리로 436,public_data
gc-d7a401a860d3,베어크리크 춘천,강원,춘천시,춘천시 신동면 김유정로 730,베어크리크 춘천 춘천시 신동면 김유정로 730,public_data
gc-9a7cb8103191,오크밸리회원제골프장,강원,원주시,원주시 지정면 오크밸리1길 66,오크밸리회원제골프장 원주시 지정면 오크밸리1길 66,public_data
gc-7b4833dc4475,월송리 컨트리클럽,강원,원주시,원주시 지정면 오크밸리2길 250,월송리 컨트리클럽 원주시 지정면 오크밸리2길 250,public_data
gc-40bd08295048,Oak Hills컨트리클럽,강원,원주시,원주시 지정면 오크밸리2길 58,Oak Hills컨트리클럽 원주시 지정면 오크밸리2길 58,public_data
gc-3b9faaf01e87,성문안 컨트리클럽,강원,원주시,원주시 지정면 월송석화로 431,성문안 컨트리클럽 원주시 지정면 월송석화로 431,public_data
gc-920a66bac706,센추리21컨트리클럽,강원,원주시,원주시 문막읍 궁말길 193,센추리21컨트리클럽 원주시 문막읍 궁말길 193,public_data
gc-120fdf5098ca,센추리21컨트리클럽Ⅱ,강원,원주시,원주시 문막읍 궁말길 193,센추리21컨트리클럽Ⅱ 원주시 문막읍 궁말길 193,public_data
gc-d2426892b3a5,센추리21퍼블릭,강원,원주시,원주시 문막읍 궁말길 193,센추리21퍼블릭 원주시 문막읍 궁말길 193,public_data
gc-52110494ceac,파크밸리골프클럽,강원,원주시,원주시 소초면 바우실길 281,파크밸리골프클럽 원주시 소초면 바우실길 281,public_data
gc-3eb069c5fb2a,동서울레스피아,강원,원주시,원주시 지정면 신평석화로 236,동서울레스피아 원주시 지정면 신평석화로 236,public_data
gc-cbe46e8a03a2,인터불고원주골프클럽,강원,원주시,원주시 동부순환로 200(반곡동),인터불고원주골프클럽 원주시 동부순환로 200(반곡동),public_data
gc-aca146079a3b,오로라 골프 앤 리조트,강원,원주시,원주시 신림면 구학산로 1520,오로라 골프 앤 리조트 원주시 신림면 구학산로 1520,public_data
gc-076abf5ece38,샌드파인골프클럽,강원,강릉시,강릉시 저동등길 53(저동),샌드파인골프클럽 강릉시 저동등길 53(저동),public_data
gc-b768a2002431,메이플비치골프&리조트,강원,강릉시,강릉시 강동면 풍호길 300-78,메이플비치골프&리조트 강릉시 강동면 풍호길 300-78,public_data
gc-5b16502994d3,O2리조트 골프장,강원,태백시,태백시 서학로 861,O2리조트 골프장 태백시 서학로 861,public_data
gc-e6edfdd39527,O2리조트 퍼블릭골프장,강원,태백시,태백시 서학로 861,O2리조트 퍼블릭골프장 태백시 서학로 861,public_data
gc-716535d8799a,설악프라자컨트리클럽,강원,속초시,속초시 미시령로2983번길 56-20,설악프라자컨트리클럽 속초시 미시령로2983번길 56-20,public_data
gc-d4f47a219511,영랑호컨트리클럽,강원,속초시,속초시 영랑호반길 170,영랑호컨트리클럽 속초시 영랑호반길 170,public_data
gc-5d96ff075544,파인밸리컨트리클럽,강원,삼척시,삼척시 근덕면 미근로 1629,파인밸리컨트리클럽 삼척시 근덕면 미근로 1629,public_data
gc-788ff880fb4f,블랙밸리컨트리클럽,강원,삼척시,삼척시 도계읍 도상로 307-84,삼척시 도계읍 도상로 307-84,public_data
gc-e9127c84ddf1,소노펠리체 컨트리클럽 비발디파크 웨스트,강원,홍천군,홍천군 서면 한치골길 200,소노펠리체 컨트리클럽 비발디파크 웨스트 홍천군 서면 한치골길 200,public_data
gc-56adaea8c265,소노펠리체 컨트리클럽 비발디파크 마운틴,강원,홍천군,홍천군 서면 한치골길 264,소노펠리체 컨트리클럽 비발디파크 마운틴 홍천군 서면 한치골길 264,public_data
gc-ae905ec6b25f,소노펠리체 컨트리클럽 비발디파크 이스트,강원,홍천군,홍천군 서면 한치골길 541-123,소노펠리체 컨트리클럽 비발디파크 이스트 홍천군 서면 한치골길 541-123,public_data
gc-3447dbe87ddc,비콘힐스골프클럽,강원,홍천군,홍천군 홍천읍 높은터로 533,비콘힐스골프클럽 홍천군 홍천읍 높은터로 533,public_data
gc-d7beeda963dd,힐드로사이컨트리클럽,강원,홍천군,홍천군 남면 한서로 2840,힐드로사이컨트리클럽 홍천군 남면 한서로 2840,public_data
gc-426fc575906a,클럽모우골프 &라이프스타일,강원,홍천군,홍천군 서면 장락동길 111,클럽모우골프 &라이프스타일 홍천군 서면 장락동길 111,public_data
gc-8322ca96ec3b,세이지우드CC홍천,강원,홍천군,홍천군 두촌면 광석로 898-160,세이지우드CC홍천 홍천군 두촌면 광석로 898-160,public_data
gc-690b34d2b582,샤인데일골프&리조트,강원,홍천군,홍천군 서면 한서로 247-156,샤인데일골프&리조트 홍천군 서면 한서로 247-156,public_data
gc-568fcaa60a5e,카스카디아 골프클럽,강원,홍천군,홍천군 북방면 팔봉산로 1759,카스카디아 골프클럽 홍천군 북방면 팔봉산로 1759,public_data
gc-bbf51fd6cc91,웰리힐리컨트리클럽,강원,횡성군,횡성군 둔내면 고원로 451,웰리힐리컨트리클럽 횡성군 둔내면 고원로 451,public_data
gc-ec8024eb7955,웰리힐리퍼블릭,강원,횡성군,횡성군 둔내면 고원로 451,웰리힐리퍼블릭 횡성군 둔내면 고원로 451,public_data
gc-e494f9e1ff69,동원썬밸리컨트리클럽,강원,횡성군,횡성군 서원면 서원서로339번길 90,동원썬밸리컨트리클럽 횡성군 서원면 서원서로339번길 90,public_data
gc-17aba5f4eb83,알프스대영컨트리클럽,강원,횡성군,횡성군 우천면 한우로 1295,알프스대영컨트리클럽 횡성군 우천면 한우로 1295,public_data
gc-43114c6913bc,벨라스톤컨트리클럽,강원,횡성군,횡성군 서원면 옥계9길 124,벨라스톤컨트리클럽 횡성군 서원면 옥계9길 124,public_data
gc-535182f1f0fa,올데이 옥스필드,강원,횡성군,횡성군 서원면 경강로 유현6길 28,올데이 옥스필드 횡성군 서원면 경강로 유현6길 28,public_data
gc-fac50b03683e,벨라45 오너스 컨트리클럽,강원,횡성군,횡성군 서원면 창촌리 산132,벨라45 오너스 컨트리클럽 횡성군 서원면 창촌리 산132,public_data
gc-a09581c58781,벨라45마스터스 컨트리클럽,강원,횡성군,횡성군 서원면 창촌리 산124,벨라45마스터스 컨트리클럽 횡성군 서원면 창촌리 산124,public_data
gc-908385d35939,동강시스타 골프장,강원,영월군,영월군 영월읍 사지막길 160,동강시스타 골프장 영월군 영월읍 사지막길 160,public_data
gc-11423b427515,용평리조트골프클럽,강원,평창군,평창군 대관령면 올림픽로 715,용평리조트골프클럽 평창군 대관령면 올림픽로 715,public_data
gc-1e4b4a02117e,용평버치힐골프클럽,강원,평창군,평창군 대관령면 올림픽로 715,용평버치힐골프클럽 평창군 대관령면 올림픽로 715,public_data
gc-07cd3007c683,용평리조트대중골프장,강원,평창군,평창군 대관령면 올림픽로 715,용평리조트대중골프장 평창군 대관령면 올림픽로 715,public_data
gc-98e23645d4c7,휘닉스 컨트리클럽,강원,평창군,평창군 봉평면 태기로 227-84,휘닉스 컨트리클럽 평창군 봉평면 태기로 227-84,public_data
gc-716264430902,휘닉스대중골프장,강원,평창군,평창군 봉평면 태기로 227-84,휘닉스대중골프장 평창군 봉평면 태기로 227-84,public_data
gc-2b5762bfc60c,알펜시아컨트리클럽,강원,평창군,평창군 대관령면 솔봉로 325,알펜시아컨트리클럽 평창군 대관령면 솔봉로 325,public_data
gc-88fd5807de80,알펜시아 700골프클럽,강원,평창군,평창군 대관령면 솔봉로 325,알펜시아 700골프클럽 평창군 대관령면 솔봉로 325,public_data
gc-658a43bb77b8,하이원컨트리클럽,강원,정선군,정선군 고한읍 고한7길 399,하이원컨트리클럽 정선군 고한읍 고한7길 399,public_data
gc-c97aebfdffe3,에콜리안정선골프장,강원,정선군,정선군 신동읍 새골길 112-49,에콜리안정선골프장 정선군 신동읍 새골길 112-49,public_data
gc-57059262e040,한탄강컨트리클럽,강원,철원군,철원군 갈말읍 순담길 59,한탄강컨트리클럽 철원군 갈말읍 순담길 59,public_data
gc-af74a0cb154f,설악썬밸리컨트리클럽,강원,고성군,고성군 죽왕면 순포로 188,설악썬밸리컨트리클럽 고성군 죽왕면 순포로 188,public_data
gc-da4ac7ff9f91,소노펠리체 컨트리클럽 델피노,강원,고성군,고성군 토성면 미시령옛길 1153,소노펠리체 컨트리클럽 델피노 고성군 토성면 미시령옛길 1153,public_data
gc-4454a258c3a6,파인리즈컨트리클럽,강원,고성군,고성군 토성면 잼버리동로 267,파인리즈컨트리클럽 고성군 토성면 잼버리동로 267,public_data
gc-318abdb864d5,설해원,강원,양양군,양양군 손양면 공항로 230,설해원 양양군 손양면 공항로 230,public_data
gc-67d0f65e6b2d,설해원더 레전드 코스,강원,양양군,양양군 손양면 공항로 230,설해원더 레전드 코스 양양군 손양면 공항로 230,public_data
gc-9a7ff16abcee,한원컨트리클럽,경기,용인시,경기도 용인시 처인구 남사읍 전나무골길2번길 94,경기도 용인시 처인구 남사읍 전나무골길2번길 94,public_data
gc-897c73dbf41b,양지파인골프클럽,경기,용인시,경기도 용인시 처인구 양지면 남평로 112,경기도 용인시 처인구 양지면 남평로 112,public_data
gc-38b838344176,수원컨트리클럽,경기,용인시,경기도 용인시 기흥구 중부대로 495,경기도 용인시 기흥구 중부대로 495,public_data
gc-4af8a2f8ed32,플라자CC,경기,용인시,경기도 용인시 처인구 남사읍 봉무로 153번길 79,경기도 용인시 처인구 남사읍 봉무로 153번길 79,public_data
gc-9da6f2a0f2d9,태광컨트리클럽(회원제),경기,용인시,경기도 용인시 기흥구 흥덕4로 77,경기도 용인시 기흥구 흥덕4로 77,public_data
gc-3d63d3179c0f,태광컨트리클럽(대중제),경기,용인시,경기도 용인시 기흥구 흥덕4로 77,경기도 용인시 기흥구 흥덕4로 77,public_data
gc-c2ad879f8193,한성컨트리클럽,경기,용인시,경기도 용인시 기흥구 구교동로 151,경기도 용인시 기흥구 구교동로 151,public_data
gc-254a1c054bbe,골드컨트리클럽,경기,용인시,경기도 용인시 기흥구 기흥단지로 398,경기도 용인시 기흥구 기흥단지로 398,public_data
gc-0f218a599984,국가보훈부 88골프장,경기,용인시,경기도 용인시 기흥구 석성로 521번길 169,경기도 용인시 기흥구 석성로 521번길 169,public_data
gc-e684f84c8fa4,레이크사이드CC(대중제),경기,용인시,경기도 용인시 처인구 모현읍 능원로 181,경기도 용인시 처인구 모현읍 능원로 181,public_data
gc-588d348bc962,레이크사이드CC(회원제),경기,용인시,경기도 용인시 처인구 모현읍 능원로 181,경기도 용인시 처인구 모현읍 능원로 181,public_data
gc-1475a1d902d7,남부컨트리클럽,경기,용인시,경기도 용인시 기흥구 사은로 163,경기도 용인시 기흥구 사은로 163,public_data
gc-a53c3fecd592,신원CC,경기,용인시,경기도 용인시 이동읍 이원로 225,경기도 용인시 이동읍 이원로 225,public_data
gc-120c785ee7a3,은화삼컨트리클럽,경기,용인시,경기도 용인시 처인구 백옥대로 860-38,경기도 용인시 처인구 백옥대로 860-38,public_data
gc-25de9ff08a30,아시아나컨트리클럽,경기,용인시,경기도 용인시 처인구 양지면 양대로 290,경기도 용인시 처인구 양지면 양대로 290,public_data
gc-0c833ff6d95f,블루원용인CC(회원제),경기,용인시,경기도 용인시 처인구 원삼면 보개원삼로 1534번길 40,경기도 용인시 처인구 원삼면 보개원삼로 1534번길 40,public_data
gc-2ef4e18d677b,블루원용인CC(비회원제),경기,용인시,경기도 용인시 처인구 원삼면 보개원삼로 1534번길 40,경기도 용인시 처인구 원삼면 보개원삼로 1534번길 40,public_data
gc-0086afc84101,코리아컨트리클럽,경기,용인시,경기도 용인시 처인구 이동읍 기흥단지로 579,경기도 용인시 처인구 이동읍 기흥단지로 579,public_data
gc-4487ee52808c,코리아대중CC,경기,용인시,경기도 용인시 기흥구 기흥단지로 224,경기도 용인시 기흥구 기흥단지로 224,public_data
gc-20c1df4aa8fb,지산컨트리클럽,경기,용인시,경기도 용인시 처인구 원삼면 죽양대로 2000번길 60,경기도 용인시 처인구 원삼면 죽양대로 2000번길 60,public_data
gc-4687a4044d34,지산퍼블릭,경기,용인시,경기도 용인시 처인구 원삼면 죽양대로 2100번길 60,경기도 용인시 처인구 원삼면 죽양대로 2100번길 60,public_data
gc-ab63350a5577,화산컨트리클럽,경기,용인시,경기도 용인시 처인구 이동읍 화산로 239,경기도 용인시 처인구 이동읍 화산로 239,public_data
gc-8b59a320f132,한림용인CC,경기,용인시,경기도 용인시 처인구 남사읍 경기동로 628,경기도 용인시 처인구 남사읍 경기동로 628,public_data
gc-748b687096d1,글렌로스 골프클럽,경기,용인시,경기도 용인시 처인구 포곡읍 에버랜드로 562번길 69,경기도 용인시 처인구 포곡읍 에버랜드로 562번길 69,public_data
gc-928514cac4c6,용인CC,경기,용인시,경기도 용인시 처인구 백암면 황새울로 255,경기도 용인시 처인구 백암면 황새울로 255,public_data
gc-fc0e80550b95,석천CC,경기,용인시,경기도 용인시 처인구 백암면 황새울로 255,경기도 용인시 처인구 백암면 황새울로 255,public_data
gc-c45d3f5d316d,써닝포인트 컨트리클럽,경기,용인시,경기도 용인시 처인구 백암면 고안로 51번길 205,경기도 용인시 처인구 백암면 고안로 51번길 205,public_data
gc-f4bb9638f567,해솔리아 컨트리클럽,경기,용인시,경기도 용인시 처인구 이동읍 백자로 369,경기도 용인시 처인구 이동읍 백자로 369,public_data
gc-af63c289d999,세현CC,경기,용인시,경기도 용인시 처인구 이동읍 백자로 450,경기도 용인시 처인구 이동읍 백자로 450,public_data
gc-27324df1736a,한양컨트리클럽,경기,고양시,경기도 고양시 덕양구 고양대로1643번길 164,경기도 고양시 덕양구 고양대로1643번길 164,public_data
gc-3b60b2dadb3f,뉴코리아 컨트리클럽,경기,고양시,경기도 고양시 덕양구 신원2로 57,경기도 고양시 덕양구 신원2로 57,public_data
gc-8fbc2ee961a0,고양컨트리클럽,경기,고양시,경기도 고양시 덕양구 흥도로 304-23,경기도 고양시 덕양구 흥도로 304-23,public_data
gc-a80360466b97,1·2·3 골프장,경기,고양시,경기도 고양시 덕양구 통일로 43-168,경기도 고양시 덕양구 통일로 43-168,public_data
gc-18640b625b94,올림픽 골프장,경기,고양시,경기도 고양시 덕양구 혜음로 301,경기도 고양시 덕양구 혜음로 301,public_data
gc-41b5c15f44da,일산스프링힐스 컨트리클럽,경기,고양시,경기도 고양시 일산동구 산황로 108,경기도 고양시 일산동구 산황로 108,public_data
gc-1faa083d0616,한양파인컨트리클럽,경기,고양시,경기도 고양시 덕양구 고양대로 1591,경기도 고양시 덕양구 고양대로 1591,public_data
gc-210de13c89f8,남서울컨트리클럽,경기,성남시,경기도 성남시 분당구 판교백현로 161,경기도 성남시 분당구 판교백현로 161,public_data
gc-4731f8c98a6d,리베라컨트리클럽,경기,화성시,경기도 화성시 중리길 183,경기도 화성시 중리길 183,public_data
gc-7701abd77260,기흥컨트리클럽,경기,화성시,경기도 화성시 풀무골로106번길 244,경기도 화성시 풀무골로106번길 244,public_data
gc-ccb45b4f27e1,발리오스컨트리클럽(회원제),경기,화성시,경기도 화성시 팔탄면 3.1만세로 641-28,경기도 화성시 팔탄면 3.1만세로 641-28,public_data
gc-2db2d6cad688,발리오스컨트리클럽(비회원제),경기,화성시,경기도 화성시 팔탄면 3.1만세로 641-28,경기도 화성시 팔탄면 3.1만세로 641-28,public_data
gc-ee03e5ddbe9f,라비돌컨트리클럽,경기,화성시,경기도 화성시 정남면 세자로 286,경기도 화성시 정남면 세자로 286,public_data
gc-4905c6ca9b75,화성 상록G.C,경기,화성시,경기도 화성시 풀무골로60번길 80,경기도 화성시 풀무골로60번길 80,public_data
gc-5ec5b76d3c22,화성골프클럽,경기,화성시,경기도 화성시 남양읍 화성로 1393-27,경기도 화성시 남양읍 화성로 1393-27,public_data
gc-c77232b99bd6,링크나인골프클럽,경기,화성시,경기도 화성시 마도면 해운로630번길 49,경기도 화성시 마도면 해운로630번길 49,public_data
gc-24a9087d99d6,양주 컨트리클럽,경기,남양주시,경기도 남양주시 화도읍 북한강로 1525-52,경기도 남양주시 화도읍 북한강로 1525-52,public_data
gc-73a2a3982c35,광릉CC(회원제),경기,남양주시,경기도 남양주시 진접읍 팔야로 280,경기도 남양주시 진접읍 팔야로 280,public_data
gc-66517960c8f8,광릉CC(비회원제),경기,남양주시,경기도 남양주시 진접읍 팔야로 280,경기도 남양주시 진접읍 팔야로 280,public_data
gc-7471c8142b1e,비전힐스CC,경기,남양주시,경기도 남양주시 화도읍 마치로 226-220,경기도 남양주시 화도읍 마치로 226-220,public_data
gc-01a5e4501db9,해비치 컨트리클럽,경기,남양주시,경기도 남양주시 화도읍 재재기로 190번길 160,경기도 남양주시 화도읍 재재기로 190번길 160,public_data
gc-29fa36946d15,남양주CC,경기,남양주시,경기도 남양주시 오남읍 진건오남로 516-31,경기도 남양주시 오남읍 진건오남로 516-31,public_data
gc-63e74643a178,더헤븐 컨트리클럽,경기,안산시,경기도 안산시 단원구 대선로466(대부남동),경기도 안산시 단원구 대선로466(대부남동),public_data
gc-5e74f5c1f4b5,제일컨트리클럽,경기,안산시,경기도 안산시 상록구 태마당로28(부곡동),경기도 안산시 상록구 태마당로28(부곡동),public_data
gc-df2b984b36c9,솔트베이 골프클럽,경기,시흥시,경기도 시흥시 마유로 987 (장곡동),경기도 시흥시 마유로 987 (장곡동),public_data
gc-d5533edff8e8,아세코밸리골프클럽,경기,시흥시,경기도 시흥시 마전로 307 (거모동),경기도 시흥시 마전로 307 (거모동),public_data
gc-a68be6870289,김포SEASIDE 컨트리클럽,경기,김포시,경기도 김포시 월곶면 김포대로 2081번길 219,경기도 김포시 월곶면 김포대로 2081번길 219,public_data
gc-962dc7cafd46,서서울 컨트리클럽,경기,파주시,경기도 파주시 광탄면 혜음로 324,경기도 파주시 광탄면 혜음로 324,public_data
gc-0ab02fc6c813,서원밸리 골프장,경기,파주시,경기도 파주시 광탄면 서원길 333,경기도 파주시 광탄면 서원길 333,public_data
gc-fabeaa53a815,서원힐스 골프장,경기,파주시,경기도 파주시 광탄면 서원길 333,경기도 파주시 광탄면 서원길 333,public_data
gc-81becbdb274e,파주 J-Public 골프장,경기,파주시,경기도 파주시 조리읍 장곡로 100,경기도 파주시 조리읍 장곡로 100,public_data
gc-34f4d067cfc2,파주컨트리클럽,경기,파주시,경기도 파주시 법원읍 화합로 306,경기도 파주시 법원읍 화합로 306,public_data
gc-fb2e8a3b34d8,베스트밸리 골프클럽,경기,파주시,경기도 파주시 광탄면 장지산로200번길 32-41,경기도 파주시 광탄면 장지산로200번길 32-41,public_data
gc-d5cd483c8c94,노스팜 컨트리클럽,경기,파주시,경기도 파주시 광탄면 쇠장이길 265,경기도 파주시 광탄면 쇠장이길 265,public_data
gc-d0e431ff250c,스마트KU 골프 파빌리온,경기,파주시,경기도 파주시 법원읍 보광로 1616,경기도 파주시 법원읍 보광로 1616,public_data
gc-9eb46dae9c9d,타이거CC 골프장,경기,파주시,경기도 파주시 법원읍 술이홀로 1803,경기도 파주시 법원읍 술이홀로 1803,public_data
gc-e04bb1d7bba9,남촌컨트리클럽,경기,광주시,경기도 광주시 곤지암읍 부항길 135-38,경기도 광주시 곤지암읍 부항길 135-38,public_data
gc-b37c66474de6,이스트밸리CC,경기,광주시,경기도 광주시 곤지암읍 건업길 195,경기도 광주시 곤지암읍 건업길 195,public_data
gc-bed5fc0dc1f2,그린힐 컨트리클럽,경기,광주시,경기도 광주시 곤지암읍 내선길 176,경기도 광주시 곤지암읍 내선길 176,public_data
gc-2fa514959418,강남300 컨트리클럽,경기,광주시,경기도 광주시 새말길 353(목동),경기도 광주시 새말길 353(목동),public_data
gc-4cbc2f4feecc,로제비앙GC,경기,광주시,경기도 광주시 곤지암읍 오항길 180,경기도 광주시 곤지암읍 오항길 180,public_data
gc-14e8979016a9,곤지암GC,경기,광주시,경기도 광주시 도척면 도척윗로 280,경기도 광주시 도척면 도척윗로 280,public_data
gc-f28133275bb9,중부컨트리클럽,경기,광주시,경기도 광주시 곤지암읍 경충대로 451,경기도 광주시 곤지암읍 경충대로 451,public_data
gc-3c54aee76615,뉴서울컨트리클럽,경기,광주시,경기도 광주시 삼지곡길 95(삼동),경기도 광주시 삼지곡길 95(삼동),public_data
gc-3e570fca0614,캐슬렉스골프클럽,경기,하남시,경기도 하남시 감이로 317(감이동),경기도 하남시 감이로 317(감이동),public_data
gc-9944c1872c71,안양컨트리클럽,경기,군포시,경기도 군포시 군포로364(부곡동),경기도 군포시 군포로364(부곡동),public_data
gc-f2cf5d51eba9,레이크우드 골프장(회원제),경기,양주시,경기도 양주시 만송로 244,경기도 양주시 만송로 244,public_data
gc-310ce4be2e54,레이크우드 골프장(비회원제),경기,양주시,경기도 양주시 만송로 244,경기도 양주시 만송로 244,public_data
gc-9bb0cbe01084,송추 컨트리클럽,경기,양주시,경기도 양주시 광적면 쇠장이길 435,경기도 양주시 광적면 쇠장이길 435,public_data
gc-82563fee9804,에이치원 클럽,경기,이천시,경기도 이천시 호법면 장자터로 115,경기도 이천시 호법면 장자터로 115,public_data
gc-eb40a22304aa,뉴스프링빌골프장,경기,이천시,경기도 이천시 모가면 사실로 527번길 158,경기도 이천시 모가면 사실로 527번길 158,public_data
gc-9b37cfc9caa8,뉴스프링빌골프장(대중형),경기,이천시,경기도 이천시 모가면 사실로 527번길 158,경기도 이천시 모가면 사실로 527번길 158,public_data
gc-bcdfbfe815c7,비에이비스타골프장(회원),경기,이천시,경기도 이천시 모가면 어농로 272,경기도 이천시 모가면 어농로 272,public_data
gc-2f2cc6b9afe3,비에이비스타컨트리클럽(비회원),경기,이천시,경기도 이천시 모가면 어농로 272,경기도 이천시 모가면 어농로 272,public_data
gc-b046571c4182,더반 골프클럽,경기,이천시,경기도 이천시 대월면 대월로 627-141,경기도 이천시 대월면 대월로 627-141,public_data
gc-06bb9165507c,사우스스프링스C.C,경기,이천시,경기도 이천시 모가면 공원로 64,경기도 이천시 모가면 공원로 64,public_data
gc-014659dabae9,블랙스톤골프장(회원제),경기,이천시,경기도 이천시 장호원읍 장여로 459-160,경기도 이천시 장호원읍 장여로 459-160,public_data
gc-9de1c40fef77,블랙스톤골프장(대중형),경기,이천시,경기도 이천시 장호원읍 장여로 459-160,경기도 이천시 장호원읍 장여로 459-160,public_data
gc-403c1dbe574a,이천실크밸리골프클럽,경기,이천시,경기도 이천시 율면 임오산로 296,경기도 이천시 율면 임오산로 296,public_data
gc-fde386e28664,마이다스레이크 이천 골프&리조트,경기,이천시,경기도 이천시 설성면 설가로 602,경기도 이천시 설성면 설가로 602,public_data
gc-085e92730123,웰링턴컨트리클럽,경기,이천시,경기도 이천시 모가면 사실로 725번길 119-73,경기도 이천시 모가면 사실로 725번길 119-73,public_data
gc-d76bd69feda5,더크로스비골프클럽,경기,이천시,경기도 이천시 호법면 중부대로798번길 177,경기도 이천시 호법면 중부대로798번길 177,public_data
gc-cd449267e87f,파인크리크C.C,경기,안성시,경기도 안성시 양성면 안성맞춤대로 2417-13,경기도 안성시 양성면 안성맞춤대로 2417-13,public_data
gc-152613ee89f3,골프클럽Q,경기,안성시,경기도 안성시 죽산면 장계길 20-229,경기도 안성시 죽산면 장계길 20-229,public_data
gc-0151ec2b5b3a,마에스트로 CC,경기,안성시,경기도 안성시 양성면 안성맞춤대로 2134-36,경기도 안성시 양성면 안성맞춤대로 2134-36,public_data
gc-adc16ee54b54,안성컨트리클럽,경기,안성시,경기도 안성시 죽산면 걸미로 487,경기도 안성시 죽산면 걸미로 487,public_data
gc-2e3210c9d979,안성베네스트G.C,경기,안성시,경기도 안성시 금광면 삼흥로 660,경기도 안성시 금광면 삼흥로 660,public_data
gc-8f72ace0d89a,안성베네스트골프클럽 일반대중홀,경기,안성시,경기도 안성시 금광면 삼흥로 660,경기도 안성시 금광면 삼흥로 660,public_data
gc-2c8ffe1e182d,신안컨트리클럽,경기,안성시,경기도 안성시 고삼면 개울말길 149,경기도 안성시 고삼면 개울말길 149,public_data
gc-2c90528d411e,신안 퍼블릭 CC,경기,안성시,경기도 안성시 고삼면 개울말길 149,경기도 안성시 고삼면 개울말길 149,public_data
gc-a026faeee8ac,윈체스트 골프클럽 대중,경기,안성시,경기도 안성시 서운면 오촌길 97-31,경기도 안성시 서운면 오촌길 97-31,public_data
gc-5062dbcbfa1c,포웰CC 안성,경기,안성시,경기도 안성시 양성면 약산길 67-6,경기도 안성시 양성면 약산길 67-6,public_data
gc-16fca0551d98,한림안성,경기,안성시,경기도 안성시 양성면 양성로 349-61,경기도 안성시 양성면 양성로 349-61,public_data
gc-5495f8d48bf7,에덴블루 컨트리클럽,경기,안성시,경기도 안성시 죽산면 녹배길 175,경기도 안성시 죽산면 녹배길 175,public_data
gc-1f3e33adbac2,이글몬트CC,경기,안성시,경기도 안성시 보개면 보삼로 106,경기도 안성시 보개면 보삼로 106,public_data
gc-b46ed64b80b6,필로스 골프클럽,경기,포천시,경기도 포천시 일동면 운악청계로 1507,경기도 포천시 일동면 운악청계로 1507,public_data
gc-4884a38f1896,포천아도니스 C.C,경기,포천시,경기도 포천시 신북면 포천로 2499,경기도 포천시 신북면 포천로 2499,public_data
gc-e2614722e86e,포천아도니스 대중골프장,경기,포천시,경기도 포천시 신북면 포천로 2499,경기도 포천시 신북면 포천로 2499,public_data
gc-fb0d61e3914d,베어크리크골프클럽,경기,포천시,경기도 포천시 화현면 달인동로 35,경기도 포천시 화현면 달인동로 35,public_data
gc-1914b4243487,몽베르 컨트리클럽(회원제),경기,포천시,경기도 포천시 영북면 산정호수로 359-12,경기도 포천시 영북면 산정호수로 359-12,public_data
gc-9d709ff43c33,몽베르 컨트리클럽(비회원제),경기,포천시,경기도 포천시 영북면 산정호수로 359-13,경기도 포천시 영북면 산정호수로 359-13,public_data
gc-02352ab50684,일동레이크 골프클럽,경기,포천시,경기도 포천시 일동면 화동로 738,경기도 포천시 일동면 화동로 738,public_data
gc-d569726d2503,일동레이크대중제골프장,경기,포천시,경기도 포천시 일동면 화동로 738,경기도 포천시 일동면 화동로 738,public_data
gc-f2158c0fa417,푸른솔 골프클럽 포천,경기,포천시,경기도 포천시 가산면 금우로276,경기도 포천시 가산면 금우로276,public_data
gc-564e2ae6067a,포천힐스 컨트리클럽,경기,포천시,경기도 포천시 군내면 반월산성로 375번길 34,경기도 포천시 군내면 반월산성로 375번길 34,public_data
gc-b7fd5ee009ca,포레스트힐 컨트리클럽,경기,포천시,경기도 포천시 화현면 봉화로 253,경기도 포천시 화현면 봉화로 253,public_data
gc-825e9c261de2,참밸리 컨트리클럽,경기,포천시,경기도 포천시 삼육사로 1982,경기도 포천시 삼육사로 1982,public_data
gc-7c76a7546834,샴발라 컨트리클럽,경기,포천시,경기도 포천시 군내면 청군로 2856-93,경기도 포천시 군내면 청군로 2856-93,public_data
gc-81ecacc0ae41,라싸 골프클럽,경기,포천시,경기도 포천시 이동면 제비울2길 161,경기도 포천시 이동면 제비울2길 161,public_data
gc-7ef394db717b,힐마루 골프앤리조트 포천,경기,포천시,경기도 포천시 영중면 금화봉 4길 77-1,경기도 포천시 영중면 금화봉 4길 77-1,public_data
gc-a15f33b9f89a,더스타휴 컨트리클럽,경기,양평군,경기도 양평군 양동면 양동로 756,경기도 양평군 양동면 양동로 756,public_data
gc-5ca66aa29c0b,양평TPC GC,경기,양평군,경기도 양평군 지평면 대평평장길 113-8,경기도 양평군 지평면 대평평장길 113-8,public_data
gc-88f7a6754606,YJC골프클럽,경기,여주시,경기도 여주시 월평로 78,경기도 여주시 월평로 78,public_data
gc-59ee5f28d2c8,남여주대중골프장,경기,여주시,경기도 여주시 가여로 532,경기도 여주시 가여로 532,public_data
gc-7e1dadf46eaa,소피아그린,경기,여주시,경기도 여주시 점동면 소피아그린길 84,경기도 여주시 점동면 소피아그린길 84,public_data
gc-b55900a1fcf9,솔모로골프장,경기,여주시,경기도 여주시 가남읍 솔모로그린길 171,경기도 여주시 가남읍 솔모로그린길 171,public_data
gc-8a797fe2213a,금강컨트리클럽(회원),경기,여주시,경기도 여주시 가남읍 여주남로 541,경기도 여주시 가남읍 여주남로 541,public_data
gc-3f6cace5bf14,금강컨트리클럽(대중),경기,여주시,경기도 여주시 가남읍 여주남로 541,경기도 여주시 가남읍 여주남로 541,public_data
gc-51bfec26aa96,자유컨트리클럽,경기,여주시,경기도 여주시 가남읍 자유그린길 69,경기도 여주시 가남읍 자유그린길 69,public_data
gc-a862e6d054f2,빅토리아일반대중골프장,경기,여주시,경기도 여주시 가남읍 송삼로 191,경기도 여주시 가남읍 송삼로 191,public_data
gc-c0e3c44b953c,아리지 골프장,경기,여주시,경기도 여주시 가남읍 아리지그린길 68,경기도 여주시 가남읍 아리지그린길 68,public_data
gc-75ecca302d46,이포골프장,경기,여주시,경기도 여주시 금사면 장흥로 416,경기도 여주시 금사면 장흥로 416,public_data
gc-61ba4f976442,렉스필드 컨트리클럽(회원),경기,여주시,경기도 여주시 산북면 광여로 1115,경기도 여주시 산북면 광여로 1115,public_data
gc-657d8f5d1426,렉스필드 컨트리클럽(비회원),경기,여주시,경기도 여주시 산북면 광여로 1115,경기도 여주시 산북면 광여로 1115,public_data
gc-07b4c0178c39,블루헤런G.C,경기,여주시,경기도 여주시 대신면 고달사로 67,경기도 여주시 대신면 고달사로 67,public_data
gc-d388a17be449,신라컨트리클럽,경기,여주시,경기도 여주시 북내면 신라그린길 84,경기도 여주시 북내면 신라그린길 84,public_data
gc-ddb3947686d1,스카이밸리골프장(회원),경기,여주시,경기도 여주시 북내면 운촌길 254,경기도 여주시 북내면 운촌길 254,public_data
gc-6259847b3bba,스카이밸리골프장(비회원),경기,여주시,경기도 여주시 북내면 운촌길 254,경기도 여주시 북내면 운촌길 254,public_data
gc-2cf253808f7a,캐슬파인골프클럽,경기,여주시,경기도 여주시 강천면 부평로 580,경기도 여주시 강천면 부평로 580,public_data
gc-c6db7aa6cbe6,해슬리나인브릿지 컨트리클럽,경기,여주시,경기도 여주시 명품1로 76,경기도 여주시 명품1로 76,public_data
gc-30fa81244c96,세라지오GC,경기,여주시,경기도 여주시 여양로 530,경기도 여주시 여양로 530,public_data
gc-13ed08c1c42b,360도 컨트리클럽,경기,여주시,경기도 여주시 강천면 부평로 609,경기도 여주시 강천면 부평로 609,public_data
gc-417ae947fa4c,여주썬밸리 컨트리클럽,경기,여주시,경기도 여주시 강천면 강문로 872,경기도 여주시 강천면 강문로 872,public_data
gc-bd3f6011928e,페럼클럽,경기,여주시,경기도 여주시 점동면 점동로 181,경기도 여주시 점동면 점동로 181,public_data
gc-41b908991867,ROUTE52CC,경기,여주시,경기도 여주시 북내면 중암1길 36,경기도 여주시 북내면 중암1길 36,public_data
gc-79abd327c051,티클라우드컨트리클럽,경기,동두천시,경기도 동두천시 평화로 3202,경기도 동두천시 평화로 3202,public_data
gc-d14f87b6bb30,썬힐G.C,경기,가평군,경기도 가평군 조종면 운악청계로 809,경기도 가평군 조종면 운악청계로 809,public_data
gc-14a40331e62c,마이다스밸리 청평 골프클럽,경기,가평군,경기도 가평군 설악면 다락재로 73-111,경기도 가평군 설악면 다락재로 73-111,public_data
gc-b4f940680084,프리스틴밸리 골프클럽,경기,가평군,경기도 가평군 설악면 유명로 1243-199,경기도 가평군 설악면 유명로 1243-199,public_data
gc-aa2c41b33610,아난티클럽서울,경기,가평군,경기도 가평군 설악면 유명로 961-34,경기도 가평군 설악면 유명로 961-34,public_data
gc-a8d0095f2145,가평 베네스트G.C,경기,가평군,경기도 가평군 상면 둔덕말길 232,경기도 가평군 상면 둔덕말길 232,public_data
gc-f0e079a5a368,크리스탈밸리C.C,경기,가평군,경기도 가평군 상면 대보간선로 602-111,경기도 가평군 상면 대보간선로 602-111,public_data
gc-8503021b2f0d,리앤리C.C,경기,가평군,경기도 가평군 조종면 운악청계로 702-24,경기도 가평군 조종면 운악청계로 702-24,public_data
gc-068617149ff3,베뉴지CC,경기,가평군,경기도 가평군 가평읍 용추로 171번길 100,경기도 가평군 가평읍 용추로 171번길 100,public_data
gc-1635f231cd12,자유로컨트리클럽,경기,연천군,경기도 연천군 백학면 노아로297번길 179-55,경기도 연천군 백학면 노아로297번길 179-55,public_data
gc-ba63455c375f,창원컨트리클럽,경상,창원시,창원시 의창구 대봉로 137,창원컨트리클럽 창원시 의창구 대봉로 137,public_data
gc-bfc85ba9acd0,용원컨트리클럽,경상,창원시,창원시 진해구 가주로 133,용원컨트리클럽 창원시 진해구 가주로 133,public_data
gc-745bb2ca1c75,아라미르골프앤리조트,경상,창원시,창원시 진해구 수제로 36,아라미르골프앤리조트 창원시 진해구 수제로 36,public_data
gc-25bf0a715d27,진주컨트리클럽,경상,진주시,진주시 진성면 진성로 464번길 82,진주컨트리클럽 진주시 진성면 진성로 464번길 82,public_data
gc-d18fa63ecde3,통영동원로얄컨트리클럽,경상,통영시,통영시 산양읍 담안길 240,통영동원로얄컨트리클럽 통영시 산양읍 담안길 240,public_data
gc-d052d2018eeb,삼삼컨트리클럽,경상,사천시,사천시 축동면 화당산로 224,삼삼컨트리클럽 사천시 축동면 화당산로 224,public_data
gc-7c631a53804f,김해정산컨트리클럽,경상,김해시,김해시 주촌면 서부로 1637번길 299-194,김해정산컨트리클럽 김해시 주촌면 서부로 1637번길 299-194,public_data
gc-60d067e583df,포웰CC 김해,경상,김해시,김해시 진례면 고모로 134번길 54-49,포웰CC 김해 김해시 진례면 고모로 134번길 54-49,public_data
gc-49239d9192d1,김해상록컨트리클럽,경상,김해시,김해시 한림면 김해대로 974번길 198,김해상록컨트리클럽 김해시 한림면 김해대로 974번길 198,public_data
gc-57ce42c5a27d,리더스컨트리클럽,경상,밀양시,밀양시 활성로 455,리더스컨트리클럽 밀양시 활성로 455,public_data
gc-db7809fe87b9,밀양컨트리클럽,경상,밀양시,밀양시 부북면 전사포리 832,밀양컨트리클럽 밀양시 부북면 전사포리 832,public_data
gc-a33f55e2efe0,밀양노벨컨트리클럽,경상,밀양시,밀양시 단장면 단장로 946,밀양노벨컨트리클럽 밀양시 단장면 단장로 946,public_data
gc-2b0f0302ba03,거제드비치골프클럽,경상,거제시,거제시 장목면 거제북로 1573,거제드비치골프클럽 거제시 장목면 거제북로 1573,public_data
gc-cc0251be98e6,거제뷰컨트리클럽,경상,거제시,거제시 거제면 두동로 259-80,거제뷰컨트리클럽 거제시 거제면 두동로 259-80,public_data
gc-37a17c98d697,통도파인이스트컨트리클럽,경상,양산시,양산시 하북면 신평남부길 78-130,통도파인이스트컨트리클럽 양산시 하북면 신평남부길 78-130,public_data
gc-7031ce912de8,동부산컨트리클럽,경상,양산시,양산시 매곡외산로 282,동부산컨트리클럽 양산시 매곡외산로 282,public_data
gc-e85969d2e40c,에이원컨트리클럽,경상,양산시,양산시 덕명로 190,에이원컨트리클럽 양산시 덕명로 190,public_data
gc-68d69c3be5e4,에덴밸리컨트리클럽,경상,양산시,양산시 원동면 어실로 910,에덴밸리컨트리클럽 양산시 원동면 어실로 910,public_data
gc-68aed81d1384,양산컨트리클럽,경상,양산시,양산시 상북면 충렬로 687,양산컨트리클럽 양산시 상북면 충렬로 687,public_data
gc-e33531fed221,다이아몬드컨트리클럽,경상,양산시,양산시 상북면 공원로 305-391,다이아몬드컨트리클럽 양산시 상북면 공원로 305-391,public_data
gc-afaf2442a07f,양산동원로얄CC,경상,양산시,양산시 어실로 380-45,양산동원로얄CC 양산시 어실로 380-45,public_data
gc-1a979a076b10,의령친환경골프장,경상,의령군,의령군 의령읍 남강로 417,의령친환경골프장 의령군 의령읍 남강로 417,public_data
gc-f2927c01eff1,의령 리온컨트리클럽,경상,의령군,의령군 칠곡면 지굴산로 101-33,의령 리온컨트리클럽 의령군 칠곡면 지굴산로 101-33,public_data
gc-5aff806af4f9,부곡컨트리클럽,경상,창녕군,창녕군 부곡면 온천로 445,부곡컨트리클럽 창녕군 부곡면 온천로 445,public_data
gc-60336c4fc30b,고성노벨컨트리클럽,경상,고성군,고성군 회화면 회진로 567,고성노벨컨트리클럽 고성군 회화면 회진로 567,public_data
gc-5eecfb4b22ad,고성컨트리클럽,경상,고성군,고성군 고성읍 월평3길 250,고성컨트리클럽 고성군 고성읍 월평3길 250,public_data
gc-11e571536868,아난티남해CC,경상,남해군,남해군 남면 남서대로 1179번길 40-109,아난티남해CC 남해군 남면 남서대로 1179번길 40-109,public_data
gc-a2ecc8249f1d,아난티남해GC,경상,남해군,남해군 남면 남서대로 1179번길 40-109,아난티남해GC 남해군 남면 남서대로 1179번길 40-109,public_data
gc-69fe3eb3e177,사우스케이프오너스클럽,경상,남해군,남해군 창선면 흥선로 1545,사우스케이프오너스클럽 남해군 창선면 흥선로 1545,public_data
gc-64e6bf7be0a4,경남스카이뷰CC,경상,함양군,함양군 서상면 소로길 226,경남스카이뷰CC 함양군 서상면 소로길 226,public_data
gc-cd6b63162f39,거창친환경대중골프장,경상,거창군,거창군 가조면 우륵길 410-284,거창친환경대중골프장 거창군 가조면 우륵길 410-284,public_data
gc-993e536ad4ee,클럽디거창,경상,거창군,거창군 신원면 덕산리 산 13번지,클럽디거창 거창군 신원면 덕산리 산 13번지,public_data
gc-2a08fd4bdc5e,아델스코트 컨트리클럽,경상,합천군,합천군 가야면 가조가야로 1916-35,아델스코트 컨트리클럽 합천군 가야면 가조가야로 1916-35,public_data
gc-dd8a710bd41c,청하이스턴C.C,경상,포항시,경상북도 포항시 청하면 용산길 94,경상북도 포항시 청하면 용산길 94,public_data
gc-9c3aa425a935,포항C.C,경상,포항시,경상북도 포항시 송라면 동해대로 2751번길 123,경상북도 포항시 송라면 동해대로 2751번길 123,public_data
gc-4fc6d117b7f4,경주신라C.C,경상,경주시,경상북도 경주시 보문로 319,경상북도 경주시 보문로 319,public_data
gc-4b9a9d1f37d8,보문G.C,경상,경주시,경상북도 경주시 보문로 182-14,경상북도 경주시 보문로 182-14,public_data
gc-a1d37ac059d4,경주C.C,경상,경주시,경상북도 경주시 보문로 182-98,경상북도 경주시 보문로 182-98,public_data
gc-4826ba3e38b9,마우나오션C.C,경상,경주시,경상북도 경주시 양남면 동남로 982,경상북도 경주시 양남면 동남로 982,public_data
gc-16c25d6f3f20,마우나오션블루,경상,경주시,경상북도 경주시 양남면 동남로 982,경상북도 경주시 양남면 동남로 982,public_data
gc-eb9124b06908,가든골프클럽,경상,경주시,경상북도 경주시 불국로 289-17,경상북도 경주시 불국로 289-17,public_data
gc-130f7b88bcf3,우리G.C,경상,경주시,경상북도 경주시 양남면 동남로 972,경상북도 경주시 양남면 동남로 972,public_data
gc-881d18bae24f,디아너스C.C,경상,경주시,경상북도 경주시 보불로 391,경상북도 경주시 보불로 391,public_data
gc-e67c48835b2a,선리치G.C,경상,경주시,경상북도 경주시 안강읍 검단장골길 181-17,경상북도 경주시 안강읍 검단장골길 181-17,public_data
gc-6ec3dc97bc62,안강레전드G.C,경상,경주시,경상북도 경주시 안강읍 낙산길 85,경상북도 경주시 안강읍 낙산길 85,public_data
gc-d69bb1cfadc7,이스트힐C.C,경상,경주시,경상북도 경주시 양남면 외남로 1377,경상북도 경주시 양남면 외남로 1377,public_data
gc-6b7f785d4813,힐스카이C.C,경상,경주시,경상북도 경주시 천북면 천강로 412-299,경상북도 경주시 천북면 천강로 412-299,public_data
gc-bd2c2f813e31,애플밸리C.C,경상,김천시,경상북도 김천시 어모면 작점로 606,경상북도 김천시 어모면 작점로 606,public_data
gc-1e3e002ab2ce,포도C.C,경상,김천시,경상북도 김천시 구성면 남김천대로 2532,경상북도 김천시 구성면 남김천대로 2532,public_data
gc-8894492ab1a6,남안동C.C,경상,안동시,경상북도 안동시 일직면 풍일로 1887,경상북도 안동시 일직면 풍일로 1887,public_data
gc-9adfe4aa2a07,안동리버힐C.C,경상,안동시,경상북도 안동시 풍천면 풍일로 1572,경상북도 안동시 풍천면 풍일로 1572,public_data
gc-94b561c2c97d,안동레이크골프클럽,경상,안동시,경상북도 안동시 관광단지로 316,경상북도 안동시 관광단지로 316,public_data
gc-ddc7e02567ba,구미C.C,경상,구미시,경상북도 구미시 장천면 송백로 229,경상북도 구미시 장천면 송백로 229,public_data
gc-dac303292dae,오펠G.C,경상,영천시,경상북도 영천시 고경면 호국로 1221-24,경상북도 영천시 고경면 호국로 1221-24,public_data
gc-f7e7bf534d31,영천C.C,경상,영천시,경상북도 영천시 임고면 방목길 34-2,경상북도 영천시 임고면 방목길 34-2,public_data
gc-206bb0d5628c,시엘G.C,경상,영천시,경상북도 영천시 청통면 청통로 334-41,경상북도 영천시 청통면 청통로 334-41,public_data
gc-91f353d46004,블루원상주골프리조트,경상,상주시,경상북도 상주시 모서면 화현3길 127,경상북도 상주시 모서면 화현3길 127,public_data
gc-1730ca5fe304,뉴스프링빌Ⅱ,경상,상주시,경상북도 상주시 모서면 백화로 40,경상북도 상주시 모서면 백화로 40,public_data
gc-77f7a5893fb0,문경레저타운골프장,경상,문경시,경상북도 문경시 마성면 문경골프장길 240,경상북도 문경시 마성면 문경골프장길 240,public_data
gc-fe29a1584040,대구C.C,경상,경산시,경상북도 경산시 진량읍 일연로 718-42,경상북도 경산시 진량읍 일연로 718-42,public_data
gc-addca096eb8a,인터불고컨트리클럽,경상,경산시,경상북도 경산시 삼성현로 614-26,경상북도 경산시 삼성현로 614-26,public_data
gc-5607a255716b,파라지오C.C,경상,의성군,경상북도 의성군 봉양면 농공마전길 167,경상북도 의성군 봉양면 농공마전길 167,public_data
gc-c781c317ede3,오션비치C.C,경상,영덕군,경상북도 영덕군 강구면 동해대로 4265-43,경상북도 영덕군 강구면 동해대로 4265-43,public_data
gc-911caf331754,그레이스C.C,경상,청도군,경상북도 청도군 이서면 서녁길 91,경상북도 청도군 이서면 서녁길 91,public_data
gc-29c208d17553,오션힐스청도G.C,경상,청도군,경상북도 청도군 매전면 곰티로 370-204,경상북도 청도군 매전면 곰티로 370-204,public_data
gc-96fce8122d04,펜타뷰골프클럽,경상,청도군,경상북도 청도군 금천면 금천로 709,경상북도 청도군 금천면 금천로 709,public_data
gc-0665bc0c6cce,유니밸리C.C,경상,고령군,경상북도 고령군 고령읍 일량로 588,경상북도 고령군 고령읍 일량로 588,public_data
gc-8809b27cc2be,마스터피스CC,경상,고령군,경상북도 고령군 쌍림면 산막길 47-80,경상북도 고령군 쌍림면 산막길 47-80,public_data
gc-043cdfb2fdcd,대가야CC,경상,고령군,경상북도 고령군 대가야읍 대가야로 1103,경상북도 고령군 대가야읍 대가야로 1103,public_data
gc-385ee578118d,다산 샤인힐CC,경상,고령군,경상북도 고령군 다산면 벌지로 175-115,경상북도 고령군 다산면 벌지로 175-115,public_data
gc-66dd9ef01893,파미힐스C.C,경상,칠곡군,경상북도 칠곡군 왜관읍 봉계로 263,경상북도 칠곡군 왜관읍 봉계로 263,public_data
gc-e2e76f635c4a,세븐밸리C.C,경상,칠곡군,경상북도 칠곡군 왜관읍 봉계3길 180,경상북도 칠곡군 왜관읍 봉계3길 180,public_data
gc-bc41a2489944,칠곡아이위시C.C,경상,칠곡군,경상북도 칠곡군 기산면 노석1길 49-112,경상북도 칠곡군 기산면 노석1길 49-112,public_data
gc-a1c00071e4b8,한맥C.C&노블리아,경상,예천군,경상북도 예천군 호명면 한맥골프장길 72,경상북도 예천군 호명면 한맥골프장길 72,public_data
gc-078c6e56af3a,마린CC,경상,울진군,경상북도 울진군 매화면 매화로 115-99,경상북도 울진군 매화면 매화로 115-99,public_data
gc-abff7021616b,빛고을컨트리클럽,전라,남구,광주광역시 남구 효우로 153(노대동),광주광역시 남구 효우로 153(노대동),public_data
gc-2159121d90f9,에콜리안광산골프장,전라,광산구,광주광역시 광산구 오목내길 26(연산동),광주광역시 광산구 오목내길 26(연산동),public_data
gc-96881a9924c5,어등산컨트리클럽,전라,광산구,광주광역시 광산구 무진대로 31(운수동),광주광역시 광산구 무진대로 31(운수동),public_data
gc-3b059ef8ec97,팔공컨트리클럽,경상,동구,대구광역시 동구 팔공산로 237길 186,대구광역시 동구 팔공산로 237길 186,public_data
gc-7b7b0fc1d2dd,냉천컨트리클럽,경상,달성군,대구광역시 달성군 가창면 가창로 1037-9,대구광역시 달성군 가창면 가창로 1037-9,public_data
gc-5164e33152d9,구니컨트리클럽,경상,군위군,대구광역시 군위군 군위읍 도군로 2450,대구광역시 군위군 군위읍 도군로 2450,public_data
gc-15dd2e00d6c7,오펠골프클럽,경상,군위군,대구광역시 군위군 산성면 부흥로 227,대구광역시 군위군 산성면 부흥로 227,public_data
gc-7b483fb0f2d1,이지스카이컨트리클럽,경상,군위군,대구광역시 군위군 군위읍 대흥1길 48-100,대구광역시 군위군 군위읍 대흥1길 48-100,public_data
gc-28ed803e0e26,유성컨트리클럽,충청,대전,대전 유성구 현충원로 200(덕명동 215-7번지),유성컨트리클럽 대전 유성구 현충원로 200(덕명동 215-7번지),public_data
gc-4906278997cc,대덕복지센터,충청,대전,대전 유성구 유성대로 1689번길 69(전민동 463번지),대덕복지센터 대전 유성구 유성대로 1689번길 69(전민동 463번지),public_data
gc-c9369c96907d,금실대덕밸리CC,충청,대전,대전 유성구 테크노중앙로 210(용산동 676번지),금실대덕밸리CC 대전 유성구 테크노중앙로 210(용산동 676번지),public_data
gc-485bb35864fb,부산컨트리클럽,경상,금정구,부산광역시 금정구 중앙대로2327번길 11,부산광역시 금정구 중앙대로2327번길 11,public_data
gc-38215b654b62,동래베네스트골프클럽,경상,금정구,부산광역시 금정구 하정로 66,부산광역시 금정구 하정로 66,public_data
gc-9262179bfeaa,하이스트컨트리클럽,경상,강서구,부산광역시 강서구 과학산단1로 172,부산광역시 강서구 과학산단1로 172,public_data
gc-de756338755f,해라컨트리클럽,경상,강서구,부산광역시 강서구 과학산단로 306번길 77,부산광역시 강서구 과학산단로 306번길 77,public_data
gc-2070c1511760,아시아드컨트리클럽,경상,기장군,부산광역시 기장군 일광읍 차양길 26,부산광역시 기장군 일광읍 차양길 26,public_data
gc-0cacc131d4d7,해운대컨트리클럽,경상,기장군,부산광역시 기장군 정관면 병산2로 265,부산광역시 기장군 정관면 병산2로 265,public_data
gc-dceb317bb674,베이사이드골프클럽,경상,기장군,부산광역시 기장군 일광읍 이천8길 100,부산광역시 기장군 일광읍 이천8길 100,public_data
gc-a9d6992e56d4,해운대비치골프앤리조트,경상,기장군,부산광역시 기장군 기장읍 대변로 74,부산광역시 기장군 기장읍 대변로 74,public_data
gc-80348568c7d7,기장동원로얄컨트리클럽,경상,기장군,부산광역시 기장군 기장읍 반송로 1345-52,부산광역시 기장군 기장읍 반송로 1345-52,public_data
gc-4fba6a0ae29e,스톤게이트컨트리클럽,경상,기장군,부산광역시 기장군 일광읍 곡천길 317,부산광역시 기장군 일광읍 곡천길 317,public_data
gc-dd6fca373d1b,인서울27골프클럽,서울,강서구,서울특별시 강서구 오정로 443-198,서울특별시 강서구 오정로 443-198,public_data
gc-2b09ff38b37c,세종에머슨컨트리클럽,충청,전의면,세종특별자치시 전의면 운주산로 1510,세종특별자치시 전의면 운주산로 1510,public_data
gc-dc3aed15fe4c,건설공제조합세종필드골프클럽,충청,정안세종로,세종특별자치시 정안세종로  1569,세종특별자치시 정안세종로  1569,public_data
gc-1e8879a575c1,세종레이캐슬골프&리조트,충청,전의면,세종특별자치시 전의면 의당전의로 252,세종특별자치시 전의면 의당전의로 252,public_data
gc-312ef6603be3,보라골프장,경상,울주군,울주군 삼동면 삼동로 404,보라골프장 울주군 삼동면 삼동로 404,public_data
gc-8c92f9985671,삼남골프장,경상,울주군,울주군 삼남면 방기가천로 179,삼남골프장 울주군 삼남면 방기가천로 179,public_data
gc-9407b216837c,더골프골프장,경상,울주군,울주군 서생면 용연길 206-52,더골프골프장 울주군 서생면 용연길 206-52,public_data
gc-3d725200e925,울산골프장,경상,울주군,울주군 웅촌면 웅촌로 1,울산골프장 울주군 웅촌면 웅촌로 1,public_data
gc-bb197f80e910,베이스타즈CC,경상,북구,북구 미포산업로 800,베이스타즈CC 북구 미포산업로 800,public_data
gc-442afb70220e,오르비스골프클럽,경상,울주군,울주군 온양읍 망양리 산14-9,오르비스골프클럽 울주군 온양읍 망양리 산14-9,public_data
gc-fa1a5b7b0f98,인천국제컨트리클럽,경기,인천시,인천시 서구 도요지로 37,인천시 서구 도요지로 37,public_data
gc-68bd427a4957,송도골프클럽,경기,인천시,인천시 연수구 능허대로 236,송도골프클럽 인천시 연수구 능허대로 236,public_data
gc-60319bf1693c,인천그랜드컨트리클럽,경기,인천시,인천시 서구 원석로 195,인천그랜드컨트리클럽 인천시 서구 원석로 195,public_data
gc-b0d53a657195,클럽72(바다),경기,인천시,인천시 중구 공항동로 392,클럽72(바다) 인천시 중구 공항동로 392,public_data
gc-a7bb99a4bcec,클럽72(하늘),경기,인천시,인천시 중구 공항동로135번길 267,클럽72(하늘) 인천시 중구 공항동로135번길 267,public_data
gc-fa55dbc73e9b,베어즈베스트청라골프클럽,경기,인천시,인천시 서구 청라대로 316번길 45,베어즈베스트청라골프클럽 인천시 서구 청라대로 316번길 45,public_data
gc-781728826076,석모도컨트리클럽,경기,인천시,인천시 강화군 어류정길 177,석모도컨트리클럽 인천시 강화군 어류정길 177,public_data
gc-496303f3c77c,오렌지듄스 영종골프클럽,경기,인천시,인천시 중구 운서동 2850-43번지 일원,오렌지듄스 영종골프클럽 인천시 중구 운서동 2850-43번지 일원,public_data
gc-868a31e611a3,강화 선두리 골프장,경기,인천시,인천시 강화군 해안남로 474번길 59,강화 선두리 골프장 인천시 강화군 해안남로 474번길 59,public_data
gc-043ae5d51851,베르힐CC 영종,경기,인천시,인천시 중구 한상중앙로 66(중산동),베르힐CC 영종 인천시 중구 한상중앙로 66(중산동),public_data
gc-4c57c6fd7298,디오션CC,전라,전남,전남 여수시 화양면 안포리 1917,디오션CC 전남 여수시 화양면 안포리 1917,public_data
gc-349a94f1be3f,세이지우드 여수경도,전라,전남,전남 여수시 대경도길 111,전남 여수시 대경도길 111,public_data
gc-295d6bb19311,포라이즌,전라,전남,전남 순천시 별량면 오실길 333,포라이즌 전남 순천시 별량면 오실길 333,public_data
gc-95d86b96417d,파인힐스CC,전라,전남,전남 순천시 주암면 송강사길 99,파인힐스CC 전남 순천시 주암면 송강사길 99,public_data
gc-dfddaf985536,순천CC,전라,전남,전남 순천시 별량면 동화사길 85,순천CC 전남 순천시 별량면 동화사길 85,public_data
gc-a4b9d0a94686,순천부영CC,전라,전남,전남 순천시 해룡면 신대로 188,순천부영CC 전남 순천시 해룡면 신대로 188,public_data
gc-dcb20414b48e,나주CC,전라,전남,전남 나주시 공산면 상방신포길 154-32,나주CC 전남 나주시 공산면 상방신포길 154-32,public_data
gc-2042973e4c2d,나주힐스CC,전라,전남,전남 나주시 공산면 삼방신포길 160-27,나주힐스CC 전남 나주시 공산면 삼방신포길 160-27,public_data
gc-e87bc5cc22aa,광양CC,전라,전남,전남 광양시 가야로 223,광양CC 전남 광양시 가야로 223,public_data
gc-1236a882f178,창평CC,전라,전남,전남 담양군 창평면 오강리 27-2,창평CC 전남 담양군 창평면 오강리 27-2,public_data
gc-98d4ad236944,레이나CC,전라,전남,전남 담양군 담양읍 깊은실길 169,레이나CC 전남 담양군 담양읍 깊은실길 169,public_data
gc-353e04416544,죽향CC,전라,전남,전남 담양군 창평면 창평로 159,죽향CC 전남 담양군 창평면 창평로 159,public_data
gc-7be0893151f7,광주CC,전라,전남,전남 곡성군 옥과면 입면로 455,광주CC 전남 곡성군 옥과면 입면로 455,public_data
gc-39d4525a34c6,옥과기안CC,전라,전남,전남 곡성군 옥과면 소룡리 427-2,옥과기안CC 전남 곡성군 옥과면 소룡리 427-2,public_data
gc-8c40f9db402e,르오네뜨CC,전라,전남,전남 곡성군 오산면 오산로 819-126,르오네뜨CC 전남 곡성군 오산면 오산로 819-126,public_data
gc-496a04b9cf3f,보성CC,전라,전남,전남 보성군 조성면 대곡리 1117,보성CC 전남 보성군 조성면 대곡리 1117,public_data
gc-2d39844d8485,보성에덴CC,전라,전남,전남 보성군 보성읍 쾌상리 1385,보성에덴CC 전남 보성군 보성읍 쾌상리 1385,public_data
gc-658ae3503358,엘리체CC,전라,전남,전남 화순군 춘양면 장곡길 55,엘리체CC 전남 화순군 춘양면 장곡길 55,public_data
gc-a6fee0f415b7,화순CC,전라,전남,전남 화순군 도곡면 천태로 1000-151,전남 화순군 도곡면 천태로 1000-151,public_data
gc-ecd9077e6622,조아밸리CC,전라,전남,전남 화순군 도곡면 고인돌2로 450,전남 화순군 도곡면 고인돌2로 450,public_data
gc-e8468ec9b024,무등산CC,전라,전남,전남 화순군 화순읍 오성로 292-90,무등산CC 전남 화순군 화순읍 오성로 292-90,public_data
gc-9885ff9a556f,JNJ골프리조트,전라,장흥군,장흥군 장평면 제산기동로 326,JNJ골프리조트 장흥군 장평면 제산기동로 326,public_data
gc-d5a6f91a588a,다산베아채골프&리조트,전라,전남,전남 강진군 도암면 학장용산길 101,전남 강진군 도암면 학장용산길 101,public_data
gc-050aa8bd6c6f,오시아노골프클럽,전라,해남군,해남군 화원면 시아로 224,오시아노골프클럽 해남군 화원면 시아로 224,public_data
gc-437ea8156737,파인비치골프링크스,전라,해남군,해남군 화원면 시아로 224,파인비치골프링크스 해남군 화원면 시아로 224,public_data
gc-5b534d8afc35,솔라시도CC,전라,해남군,해남군 산이면 산이로 2247,솔라시도CC 해남군 산이면 산이로 2247,public_data
gc-068d49f9d08c,아크로CC,전라,전남,전남 영암군 금정면 안적동길 403,아크로CC 전남 영암군 금정면 안적동길 403,public_data
gc-5085ddf672a6,cosmos 1,전라,영암군,영암군 삼호읍 에프원로 121-4,cosmos 1 영암군 삼호읍 에프원로 121-4,public_data
gc-138f4498623e,무안CC,전라,전남,전남 무안군 청계면 도대리 818,전남 무안군 청계면 도대리 818,public_data
gc-a043a2488af5,클린밸리CC,전라,전남,전남 무안군 청계면 태봉길 33-100,클린밸리CC 전남 무안군 청계면 태봉길 33-100,public_data
gc-80a626b2053e,엘리체CC,전라,전남,전남 함평군 학교면 서당매길 242,엘리체CC 전남 함평군 학교면 서당매길 242,public_data
gc-c8fc5eccf7b9,천지CC,전라,전남,전남 함평군 함장로 889-11,천지CC 전남 함평군 함장로 889-11,public_data
gc-e50b3c8c38c0,베르힐컨트리클럽,전라,전남,전남 함평군 대동면 대동길 408,베르힐컨트리클럽 전남 함평군 대동면 대동길 408,public_data
gc-cc31ca848991,웨스트오션CC,전라,영광군,영광군 백수읍 해안로 1362-70,웨스트오션CC 영광군 백수읍 해안로 1362-70,public_data
gc-3355d2573fd4,에콜리안영광골프장,전라,영광군,영광군 영광읍 월현로 1길 40,에콜리안영광골프장 영광군 영광읍 월현로 1길 40,public_data
gc-667fefd06c3f,푸른솔 골프클럽,전라,전남,전남 장성군 동화면 임정로 155,푸른솔 골프클럽 전남 장성군 동화면 임정로 155,public_data
gc-db3f5634c5ee,백양우리CC,전라,전남,전남 장성군 북이면 사거리 752-1,백양우리CC 전남 장성군 북이면 사거리 752-1,public_data
gc-0b047be49f03,전주월드컵골프장,전라,전북특별자치도,전북특별자치도 전주시 덕진구 온고을로 672,전북특별자치도 전주시 덕진구 온고을로 672,public_data
gc-14ba1ad9ac28,군산CC,전라,전북특별자치도,전북특별자치도 군산시 옥서면 남산군로 1685,전북특별자치도 군산시 옥서면 남산군로 1685,public_data
gc-e66e37a5892a,익산컨트리클럽,전라,전북특별자치도,전북특별자치도 익산시 무왕로38길 111,전북특별자치도 익산시 무왕로38길 111,public_data
gc-7e17709a629a,상떼힐CC,전라,전북특별자치도,전북특별자치도 익산시 무왕로38길 111,전북특별자치도 익산시 무왕로38길 111,public_data
gc-45a6c468cd91,웅포컨트리클럽,전라,전북특별자치도,전북특별자치도 익산시 웅포면 강변로 130,전북특별자치도 익산시 웅포면 강변로 130,public_data
gc-11d936495fd4,포세븐금강컨트리클럽,전라,전북특별자치도,전북특별자치도 익산시 웅포면 강변로 130,전북특별자치도 익산시 웅포면 강변로 130,public_data
gc-db9ee81a1a70,내장산골프&리조트,전라,전북특별자치도,전북특별자치도 정읍시 첨단과학로 476,전북특별자치도 정읍시 첨단과학로 476,public_data
gc-555dca97c252,남원상록골프장,전라,전북특별자치도,전북특별자치도 남원시 대산면 월계길 11,전북특별자치도 남원시 대산면 월계길 11,public_data
gc-93d79516b4dd,아네스빌CC,전라,전북특별자치도,전북특별자치도 김제시 황산면 높은메길 160-39,전북특별자치도 김제시 황산면 높은메길 160-39,public_data
gc-236bf8a0310c,에스페란사GC,전라,전북특별자치도,전북특별자치도 김제시 금구면 낙산로 120,전북특별자치도 김제시 금구면 낙산로 120,public_data
gc-8cda6b72d361,김제스파힐스CC,전라,전북특별자치도,전북특별자치도 김제시 온천길 37,전북특별자치도 김제시 온천길 37,public_data
gc-51bc2ed864d2,더나인골프클럽,전라,전북특별자치도,전북특별자치도 김제시 금구면 대화1길 8-75,전북특별자치도 김제시 금구면 대화1길 8-75,public_data
gc-3dc796a63edd,OKCC,전라,전북특별자치도,전북특별자치도 완주군 소양면 화심리 300,전북특별자치도 완주군 소양면 화심리 300,public_data
gc-0bd7dd5c03df,케이밸리컨트리클럽,전라,전북특별자치도,전북특별자치도 완주군 운주면 산북리 65-4,전북특별자치도 완주군 운주면 산북리 65-4,public_data
gc-af220a47e9ad,써미트CC,전라,전북특별자치도,전북특별자치도 진안군 부귀면 부귀로 72-161,전북특별자치도 진안군 부귀면 부귀로 72-161,public_data
gc-dede5bb789cf,무주덕유산CC,전라,전북특별자치도,전북특별자치도 무주군 설천면 만선로 185,전북특별자치도 무주군 설천면 만선로 185,public_data
gc-6d636874e191,장수골프리조트,전라,전북특별자치도,전북특별자치도 장수군 계남면 장안산로 303,전북특별자치도 장수군 계남면 장안산로 303,public_data
gc-a2c85434539e,전주샹그릴라CC,전라,전북특별자치도,전북특별자치도 임실군 신덕면 수지로 559-90,전북특별자치도 임실군 신덕면 수지로 559-90,public_data
gc-6d34f609ed90,금과골프장,전라,전북특별자치도,전북특별자치도 순창군 금과면 담순로 716,전북특별자치도 순창군 금과면 담순로 716,public_data
gc-fd40b7bf3b76,디케이레저,전라,전북특별자치도,전북특별자치도 순창군 순창읍 금산로 152,전북특별자치도 순창군 순창읍 금산로 152,public_data
gc-e6f654f8efb6,고창CC,전라,전북특별자치도,전북특별자치도 고창군 심원면 애향갯벌로 70,전북특별자치도 고창군 심원면 애향갯벌로 70,public_data
gc-8f5c8d0f5d46,석정힐CC,전라,전북특별자치도,전북특별자치도 고창군 고창읍 석정2로 192,전북특별자치도 고창군 고창읍 석정2로 192,public_data
gc-c96a1655bd5c,타미우스cc,제주,제주시,제주특별자치도 제주시 애월읍 화전길 201,제주특별자치도 제주시 애월읍 화전길 201,public_data
gc-7d2ed71b8086,그린필드GC,제주,제주시,제주특별자치도 제주시 조천읍 번영로 1040-70,제주특별자치도 제주시 조천읍 번영로 1040-70,public_data
gc-aff117457c45,라헨느CC,제주,제주시,제주특별자치도 제주시 봉개동 241-13,제주특별자치도 제주시 봉개동 241-13,public_data
gc-ed4f10d4c149,볼카노골프앤리조트,제주,서귀포시,제주특별자치도 서귀포시 산록남로 1391,제주특별자치도 서귀포시 산록남로 1391,public_data
gc-7860808d29d1,테디밸리,제주,서귀포시,제주특별자치도 서귀포시 한창로 365,제주특별자치도 서귀포시 한창로 365,public_data
gc-cf50ab88350d,㈜그랜드부민 꿈드림목장,제주,제주시,제주특별자치도 제주시 516로 2596-117,제주특별자치도 제주시 516로 2596-117,public_data
gc-464e4a545027,에코랜드,제주,제주시,제주특별자치도 제주시 조천읍 번영로 1278-169,제주특별자치도 제주시 조천읍 번영로 1278-169,public_data
gc-0e0131544801,라온골프클럽,제주,제주시,제주특별자치도 제주시 한경면 용금로 998,제주특별자치도 제주시 한경면 용금로 998,public_data
gc-84bb21f2b77e,크라운CC,제주,제주시,제주특별자치도 제주시 조천읍 북선로 125,제주특별자치도 제주시 조천읍 북선로 125,public_data
gc-5f82bbc964a8,더시에나CC,제주,제주시,제주특별자치도 제주시 516로 2695,제주특별자치도 제주시 516로 2695,public_data
gc-ad576aa399b4,아덴힐,제주,제주시,제주특별자치도 제주시 화전길 82,제주특별자치도 제주시 화전길 82,public_data
gc-d03e2b710be0,한라산CC,제주,제주시,제주특별자치도 제주시 선돌목동길 56-46,제주특별자치도 제주시 선돌목동길 56-46,public_data
gc-baa4851e3f89,플라자CC,제주,제주시,제주특별자치도 제주시 명림로 575-107,제주특별자치도 제주시 명림로 575-107,public_data
gc-e0165d4e49cd,부영CC,제주,서귀포시,제주특별자치도 서귀포시 남원읍 남조로 960,제주특별자치도 서귀포시 남원읍 남조로 960,public_data
gc-7dcfb1b60ab9,서귀포팬텀 골프앤리조트,제주,서귀포시,제주특별자치도 서귀포시 산록남로 2914,제주특별자치도 서귀포시 산록남로 2914,public_data
gc-c96f2da1a4dc,중문GC,제주,서귀포시,제주특별자치도 서귀포시 중문관광로 72번길 60,제주특별자치도 서귀포시 중문관광로 72번길 60,public_data
gc-2372496c2665,스프링데일,제주,서귀포시,제주특별자치도 서귀포시 남원읍 서성로 459,제주특별자치도 서귀포시 남원읍 서성로 459,public_data
gc-a441de4b462a,더클래식CC,제주,서귀포시,제주특별자치도 서귀포시 남원읍 남조로 1105,제주특별자치도 서귀포시 남원읍 남조로 1105,public_data
gc-af1917ce6948,샤인빌파크CC,제주,서귀포시,제주특별자치도 서귀포시 표선면 가시로 384,제주특별자치도 서귀포시 표선면 가시로 384,public_data
gc-e401cda7a8ad,우정힐스 컨트리클럽,충청,목천읍,목천읍 충절로 1048-68,우정힐스 컨트리클럽 목천읍 충절로 1048-68,public_data
gc-7681bcbcf45d,천안상록 골프장,충청,수신면,수신면 수신로 576,천안상록 골프장 수신면 수신로 576,public_data
gc-2c27b8854e6b,마론컨트리클럽,충청,동남구,동남구 북면 납안5길 74,마론컨트리클럽 동남구 북면 납안5길 74,public_data
gc-9655898af6a6,프린세스 골프클럽,충청,공주시,공주시 정안면 방자들길 81-50(인풍리),프린세스 골프클럽 공주시 정안면 방자들길 81-50(인풍리),public_data
gc-46caa66a0c89,골드리버CC,충청,공주시,공주시 의당면 신정말길 67-133(청룡리),골드리버CC 공주시 의당면 신정말길 67-133(청룡리),public_data
gc-25f812ff383a,계룡산골프장,충청,공주시,공주시 계룡면 아랫난댕이길 17(내흥리),계룡산골프장 공주시 계룡면 아랫난댕이길 17(내흥리),public_data
gc-5631e69db45e,보령베이스CC,충청,보령시,보령시 옥마벚길 10,보령베이스CC 보령시 옥마벚길 10,public_data
gc-de2b5fc511da,에스앤 골프리조트,충청,보령시,보령시 남포면 양항리 650-2,에스앤 골프리조트 보령시 남포면 양항리 650-2,public_data
gc-e91593f65b4b,도고컨트리 구락부,충청,선장면,선장면 삼봉산길 188,도고컨트리 구락부 선장면 삼봉산길 188,public_data
gc-7c044b23d1a4,에스지아름다운골프&리조트,충청,영인면,영인면 영인산로 440,에스지아름다운골프&리조트 영인면 영인산로 440,public_data
gc-c9dda49e7539,서산수 골프앤리조트,충청,서산시,서산시 대산읍 삼길포7로 8,서산수 골프앤리조트 서산시 대산읍 삼길포7로 8,public_data
gc-e3f0db78167a,더힐 컨트리클럽,충청,논산시,논산시 상월면 선비로 1079,더힐 컨트리클럽 논산시 상월면 선비로 1079,public_data
gc-c0cdb2271518,아리스타 CC,충청,연무읍,연무읍 황화정리 산100,아리스타 CC 연무읍 황화정리 산100,public_data
gc-699579941cf6,파인스톤 컨트리클럽,충청,당진시,당진시 송산면 무수들길 90,파인스톤 컨트리클럽 당진시 송산면 무수들길 90,public_data
gc-95696dbd5d40,파나시아 골프클럽,충청,당진시,당진시 신평면 계명길 33,파나시아 골프클럽 당진시 신평면 계명길 33,public_data
gc-5df84bcc3bd5,플라밍고C.C,충청,당진시,당진시 석문면 산단8로 299,플라밍고C.C 당진시 석문면 산단8로 299,public_data
gc-b48ba0827aa2,에딘버러 컨트리클럽,충청,금산군,금산군 진산면 살구정길 167,에딘버러 컨트리클럽 금산군 진산면 살구정길 167,public_data
gc-19f328d2bc87,백제컨트리클럽,충청,부여군,부여군 은산면 충절로 3734-82,백제컨트리클럽 부여군 은산면 충절로 3734-82,public_data
gc-41c9fac17790,㈜호텔롯데 스카이힐 부여CC,충청,부여군,부여군 규암면 백제문로 470,㈜호텔롯데 스카이힐 부여CC 부여군 규암면 백제문로 470,public_data
gc-b21ce78f76ca,골든베이골프&리조트,충청,태안군,태안군 근흥면 정선포로 217,골든베이골프&리조트 태안군 근흥면 정선포로 217,public_data
gc-2abf3143e489,스톤비치컨트리클럽,충청,태안군,태안군 근흥면 갈음이길 88,스톤비치컨트리클럽 태안군 근흥면 갈음이길 88,public_data
gc-bf183cd699c7,로얄링스1,충청,태안군,태안군 태안읍 반곡길 284,로얄링스1 태안군 태안읍 반곡길 284,public_data
gc-dbaa28f7b44e,로얄링스2,충청,태안군,태안군 태안읍 반곡길 284,로얄링스2 태안군 태안읍 반곡길 284,public_data
gc-167a7f95d402,솔라고CC1,충청,태안군,태안군 태안읍 소곳이길 92-234,솔라고CC1 태안군 태안읍 소곳이길 92-234,public_data
gc-d3a3acc83c4d,솔라고CC2,충청,태안군,태안군 태안읍 소곳이길 92-234,솔라고CC2 태안군 태안읍 소곳이길 92-234,public_data
gc-04b372ccad13,내포골프클럽,충청,예산군,예산군 삽교읍 산수길 242(목리 1420),내포골프클럽 예산군 삽교읍 산수길 242(목리 1420),public_data
gc-81f36c789316,그랜드cc,충청,청주시,청주시 청원군 오창읍 꽃화산길 14,그랜드cc 청주시 청원군 오창읍 꽃화산길 14,public_data
gc-6ea98adb1954,아난티 중앙골프클럽,충청,진천군,진천군 백곡면 배티로 818-105,아난티 중앙골프클럽 진천군 백곡면 배티로 818-105,public_data
gc-a81df4ea7927,천 룡cc,충청,진천군,진천군 이월면 진안로 347-123,천 룡cc 진천군 이월면 진안로 347-123,public_data
gc-8ccf3d19f9bb,세레니티cc,충청,청주시,청주시 서원구 남이면 문곡구절골길 235,세레니티cc 청주시 서원구 남이면 문곡구절골길 235,public_data
gc-ce7b0e81cf22,스 타cc,충청,충주시,충주시 앙성면 상대촌1길 198,스 타cc 충주시 앙성면 상대촌1길 198,public_data
gc-ae86fbe36e97,임페리얼레이크,충청,충주시,충주시 금가면 다래울길 52,임페리얼레이크 충주시 금가면 다래울길 52,public_data
gc-760b850e4451,천 룡cc,충청,진천군,진천군 이월면 진안로 425,천 룡cc 진천군 이월면 진안로 425,public_data
gc-606fb4b33249,떼제베운영,충청,청주시,청주시 흥덕구 옥산면 동림2길 149,떼제베운영 청주시 흥덕구 옥산면 동림2길 149,public_data
gc-ac8ec878e912,썬밸리cc,충청,음성군,음성군 삼성면 법말길 49,썬밸리cc 음성군 삼성면 법말길 49,public_data
gc-54e8d6f41d3b,중 원cc,충청,충주시,충주시 산척면 인등로 392,중 원cc 충주시 산척면 인등로 392,public_data
gc-d0e3ce523b5f,레인보우힐스,충청,음성군,음성군 생극면 차생로 168,레인보우힐스 음성군 생극면 차생로 168,public_data
gc-8ded1998e36a,히든밸리cc,충청,진천군,진천군 백곡면 소토골길 61,히든밸리cc 진천군 백곡면 소토골길 61,public_data
gc-663ebcd52f5e,골드나인cc,충청,청주시,청주시 청원구 낭성면 산성로 1520-17,골드나인cc 청주시 청원구 낭성면 산성로 1520-17,public_data
gc-3d68f1ae46e5,센테리움cc,충청,충주시,충주시 노은면 솔고개로 750,센테리움cc 충주시 노은면 솔고개로 750,public_data
gc-f261ddd7cd1a,대호단양cc,충청,단양군,단양군 매포읍 고양5길 43,대호단양cc 단양군 매포읍 고양5길 43,public_data
gc-6bee4df56cf5,대영베이스cc,충청,충주시,충주시 대소원면 성종두담길 113,대영베이스cc 충주시 대소원면 성종두담길 113,public_data
gc-facbcadf0522,오창 에딘버러,충청,청주시,청주시 청원구 오창읍 두릉유리로 846,오창 에딘버러 청주시 청원구 오창읍 두릉유리로 846,public_data
gc-9c36390d43ba,이븐데일cc,충청,청주시,청주시 상당구 미원면 대신2길 31,이븐데일cc 청주시 상당구 미원면 대신2길 31,public_data
gc-717efe03426f,킹즈락cc,충청,제천시,제천시 천남동 내토로7길 136,킹즈락cc 제천시 천남동 내토로7길 136,public_data
gc-eec2e96ca1a7,젠스필드cc,충청,음성군,음성군 삼성면 덕호로 382,젠스필드cc 음성군 삼성면 덕호로 382,public_data
gc-c5f55ef01f20,로얄포레cc,충청,충주시,충주시 신니면 화치3길 35,로얄포레cc 충주시 신니면 화치3길 35,public_data
gc-1cfb7d6583c7,대영힐스cc,충청,충주시,충주시 대소원면 성종두담길 114,대영힐스cc 충주시 대소원면 성종두담길 114,public_data
gc-617f2f73c737,진양밸리cc,충청,음성군,음성군 삼성면 금일로 1195,진양밸리cc 음성군 삼성면 금일로 1195,public_data
gc-3d728357d622,에콜리안제천,충청,제천시,제천시 고암동 송학 주천로 102,에콜리안제천 제천시 고암동 송학 주천로 102,public_data
gc-e02aaeea09ed,코스카cc,충청,음성군,음성군 음성읍 동음로 318,코스카cc 음성군 음성읍 동음로 318,public_data
gc-914eaef995a0,클럽디속리산,충청,보은군,보은군 탄부면 평각상장로 230,클럽디속리산 보은군 탄부면 평각상장로 230,public_data
gc-2bace244ca44,동 촌cc,충청,충주시,충주시 노은면 감노로 1327,동 촌cc 충주시 노은면 감노로 1327,public_data
gc-0a89c1c9b286,세 일cc,충청,충주시,충주시 신니면 동락길 207,세 일cc 충주시 신니면 동락길 207,public_data
gc-746ebce39dd0,클럽디보은,충청,보은군,보은군 보은읍 장속중초로 386,클럽디보은 보은군 보은읍 장속중초로 386,public_data
gc-ca6baf196057,올데이 골프앤리조트,충청,충주시,충주시 앙성면 비내길 189,올데이 골프앤리조트 충주시 앙성면 비내길 189,public_data
gc-b86dec31683a,감곡CC,충청,음성군,음성군 감곡면 문촌리 산81-6,감곡CC 음성군 감곡면 문촌리 산81-6,public_data
gc-a8e246e93ac3,일라이트 컨트리클럽,충청,영동군,영동군 영동읍 매천리 산 35-1,일라이트 컨트리클럽 영동군 영동읍 매천리 산 35-1,public_data
gc-e14661a32922,일레븐cc,충청,충주시,충주시 앙성면 본평리 산 43-1,일레븐cc 충주시 앙성면 본평리 산 43-1,public_data
gc-8d9ee33d1f22,킹스데일cc,충청,충주시,충주시 주덕면 기업도시3로 2,충주시 주덕면 기업도시3로 2,public_data
gc-97d5d758dc31,블랙스톤cc,충청,증평군,증평군 도안면 벼루재길 334,증평군 도안면 벼루재길 334,public_data
gc-ab79864b5bdf,모나크cc,충청,음성군,음성군 금왕읍 대금로 1851번길 3-14,모나크cc 음성군 금왕읍 대금로 1851번길 3-14,public_data
gc-cf2911a3e910,음성 힐데스하임cc,충청,음성군,음성군 소이면 후미리 산40-4,음성 힐데스하임cc 음성군 소이면 후미리 산40-4,public_data
gc-736ecb0e589a,세레니티cc,충청,청주시,청주시 서원구 남이면 산막리 산 128,세레니티cc 청주시 서원구 남이면 산막리 산 128,public_data
gc-a043ad4dfcf6,서경타니CC,경상,사천시,사천시 곤양면 흥신로 210,서경타니CC 사천시 곤양면 흥신로 210,public_data
gc-5384133fb9bc,가야컨트리클럽 (회원제),경상,김해시,김해시 인제로 495,가야컨트리클럽 (회원제) 김해시 인제로 495,public_data
gc-9bd0f98bfdee,가야컨트리클럽 (대중제),경상,김해시,김해시 인제로 495,가야컨트리클럽 (대중제) 김해시 인제로 495,public_data
gc-49a45667bbb1,힐마루컨트리클럽 (회원제),경상,창녕군,창녕군 장마면 영산계성로 469-195,힐마루컨트리클럽 (회원제) 창녕군 장마면 영산계성로 469-195,public_data
gc-98e3f829ab99,힐마루컨트리클럽 (대중제),경상,창녕군,창녕군 장마면 영산계성로 469-195,힐마루컨트리클럽 (대중제) 창녕군 장마면 영산계성로 469-195,public_data
gc-1636db0b5c9f,오션힐스포항C.C (회원제),경상,포항시,경상북도 포항시 북구 송라면 대전길 7,경상북도 포항시 북구 송라면 대전길 7,public_data
gc-43ee7ee149ba,오션힐스포항C.C (대중제),경상,포항시,경상북도 포항시 북구 송라면 대전길 7,경상북도 포항시 북구 송라면 대전길 7,public_data
gc-28ff72e3fac8,서라벌G.C,경상,경주시,경상북도 경주시 외동읍 내외로 577-189,경상북도 경주시 외동읍 내외로 577-189,public_data
gc-783a937fe067,엠스클럽의성,경상,의성군,경상북도 의성군 봉양면 농공마전길 125-78,경상북도 의성군 봉양면 농공마전길 125-78,public_data
gc-044a801a85d5,골드레이크CC (대중제),전라,전남,전남 나주시 남평읍 나주호로 442-129,골드레이크CC (대중제) 전남 나주시 남평읍 나주호로 442-129,public_data
gc-990342c1d90c,골드레이크CC (회원제),전라,전남,전남 나주시 남평읍 나주호로 442-129,골드레이크CC (회원제) 전남 나주시 남평읍 나주호로 442-129,public_data
gc-53f5c270575b,해피니스CC (대중제),전라,전남,전남 나주시 다도면 다도로 171-60,전남 나주시 다도면 다도로 171-60,public_data
gc-660ffc0f1f8d,해피니스CC (회원제),전라,전남,전남 나주시 다도면 다도로 171-60,전남 나주시 다도면 다도로 171-60,public_data
gc-7c780d37c946,태인CC,전라,전북특별자치도,전북특별자치도 정읍시 태인면 상증길 28,전북특별자치도 정읍시 태인면 상증길 28,public_data
gc-7ef835cc44ce,엘리시안제주 (회원제),제주,제주시,제주특별자치도 제주시 평화로 1738-116,제주특별자치도 제주시 평화로 1738-116,public_data
gc-48b0d3b9c2cb,엘리시안제주 (대중제),제주,제주시,제주특별자치도 제주시 평화로 1738-116,제주특별자치도 제주시 평화로 1738-116,public_data
gc-81f3ec25ee6f,에버리스CC (회원제),제주,제주시,제주특별자치도 제주시 평화로 1693-75,제주특별자치도 제주시 평화로 1693-75,public_data
gc-57d2cac587d2,에버리스CC (대중제),제주,제주시,제주특별자치도 제주시 평화로 1693-75,제주특별자치도 제주시 평화로 1693-75,public_data
gc-404df8588434,아난티클럽제주 (회원제),제주,제주시,제주특별자치도 제주시 선유로 445-55,제주특별자치도 제주시 선유로 445-55,public_data
gc-ce976348ba8f,아난티클럽제주 (대중제),제주,제주시,제주특별자치도 제주시 선유로 445-55,제주특별자치도 제주시 선유로 445-55,public_data
gc-0654fd7fa764,캐슬렉스제주 (회원제),제주,서귀포시,제주특별자치도 서귀포시 안덕면 평화로 1241,제주특별자치도 서귀포시 안덕면 평화로 1241,public_data
gc-8c893fc692ea,캐슬렉스제주 (대중제),제주,서귀포시,제주특별자치도 서귀포시 안덕면 평화로 1241,제주특별자치도 서귀포시 안덕면 평화로 1241,public_data
gc-e51deb9a5cbf,해비치CC (회원제),제주,서귀포시,제주특별자치도 서귀포시 남원읍 원님로 399번길 319,제주특별자치도 서귀포시 남원읍 원님로 399번길 319,public_data
gc-a34d1218714a,해비치CC (대중제),제주,서귀포시,제주특별자치도 서귀포시 남원읍 원님로 399번길 319,제주특별자치도 서귀포시 남원읍 원님로 399번길 319,public_data
gc-834f306ba4e2,롯데스카이힐제주 (회원제),제주,서귀포시,제주특별자치도 서귀포시 상예로 530,제주특별자치도 서귀포시 상예로 530,public_data
gc-4d1cbdf3ceb2,롯데스카이힐제주 (대중제),제주,서귀포시,제주특별자치도 서귀포시 상예로 530,제주특별자치도 서귀포시 상예로 530,public_data
gc-85e4c645a34a,사이프러스골프 (회원제),제주,서귀포시,제주특별자치도 서귀포시 번영로 2300,제주특별자치도 서귀포시 번영로 2300,public_data
gc-4365b50502ef,사이프러스골프 (대중제),제주,서귀포시,제주특별자치도 서귀포시 번영로 2300,제주특별자치도 서귀포시 번영로 2300,public_data
gc-029535a99281,나인브릿지 (회원제),제주,서귀포시,제주특별자치도 서귀포시 안덕면 광평로 34-156,제주특별자치도 서귀포시 안덕면 광평로 34-156,public_data
gc-06c10aaf3618,나인브릿지 (대중제),제주,서귀포시,제주특별자치도 서귀포시 안덕면 광평로 34-156,제주특별자치도 서귀포시 안덕면 광평로 34-156,public_data
gc-41a0194846f8,SK핀크스 (회원제),제주,서귀포시,제주특별자치도 서귀포시 안덕면 산록남로 863,제주특별자치도 서귀포시 안덕면 산록남로 863,public_data
gc-b825d1073c5d,SK핀크스 (대중제),제주,서귀포시,제주특별자치도 서귀포시 안덕면 산록남로 863,제주특별자치도 서귀포시 안덕면 산록남로 863,public_data
gc-1ce1b36ed2da,시그너스cc,충청,충주시,충주시 앙성면 중방곡길 57-44,시그너스cc 충주시 앙성면 중방곡길 57-44,public_data
gc-17fef5525b26,스프링베일리조트,강원,춘천시,춘천시 동면 금베이길 93-27,스프링베일리조트 춘천시 동면 금베이길 93-27,public_data
gc-ba3362c686e4,골프존카운티 안성H,경기,안성시,경기도 안성시 보개면 보삼로 302,경기도 안성시 보개면 보삼로 302,public_data
gc-411771a420e7,골프존카운티 안성W,경기,안성시,경기도 안성시 양성면 교동길 19-70,경기도 안성시 양성면 교동길 19-70,public_data
gc-945ef0204a99,골프존카운티 사천,경상,사천시,사천시 서포면 구송로 151,골프존카운티 사천 사천시 서포면 구송로 151,public_data
gc-968de8ceffeb,밀양에스파크골프리조트,경상,밀양시,밀양시 단장면 미촌리 889,밀양에스파크골프리조트 밀양시 단장면 미촌리 889,public_data
gc-09693194d3fb,골프존카운티 경남,경상,함안군,함안군 칠원면 운무로 470,골프존카운티 경남 함안군 칠원면 운무로 470,public_data
gc-96bed6159452,골프존카운티 감포,경상,경주시,경상북도 경주시 감포읍 동해안로 1819-59,경상북도 경주시 감포읍 동해안로 1819-59,public_data
gc-6a587177a23c,골프존카운티 선산,경상,구미시,경상북도 구미시 산동면 강동로 953-73,경상북도 구미시 산동면 강동로 953-73,public_data
gc-a944350f5db1,골프존카운티 구미,경상,구미시,경상북도 구미시 산동면 강동로 953-74,경상북도 구미시 산동면 강동로 953-74,public_data
gc-01d6a94bf335,청통골프장,경상,영천시,경상북도 영천시 청통면 청통로 733,경상북도 영천시 청통면 청통로 733,public_data
gc-1f14d0ca89b4,마이다스 구미 골프아카데미,경상,칠곡군,경상북도 칠곡군 가산면 학하2길 54-171,경상북도 칠곡군 가산면 학하2길 54-171,public_data
gc-3f766167d45e,잭 니클라우스 골프클럽 코리아,경기,인천시,인천시 연수구 아카데미로 209,잭 니클라우스 골프클럽 코리아 인천시 연수구 아카데미로 209,public_data
gc-fa86c43067e7,드림파크골프장,경기,인천시,인천시 서구 거월로 61,드림파크골프장 인천시 서구 거월로 61,public_data
gc-4005648f63d2,골프존카운티 송도 골프장,경기,인천시,인천시 연수구 인천신항대로 1120,골프존카운티 송도 골프장 인천시 연수구 인천신항대로 1120,public_data
gc-ae299d74ffe4,여수시티파크골프&호텔,전라,전남,전남 여수시 좌수영로 641,여수시티파크골프&호텔 전남 여수시 좌수영로 641,public_data
gc-3269edc70897,골프존카운티,전라,전남,전남 순천시 주암면 행정1길 77,골프존카운티 전남 순천시 주암면 행정1길 77,public_data
gc-982325a51789,골프존카운티 영암,전라,영암군,영암군 삼호읍 에프원로 121-1,골프존카운티 영암 영암군 삼호읍 에프원로 121-1,public_data
gc-2a867c283a2c,골프존카운티무주,전라,전북특별자치도,전북특별자치도 무주군 안성면 장무로 1537-21,전북특별자치도 무주군 안성면 장무로 1537-21,public_data
gc-1f1578e897f2,골프존카운티선운,전라,전북특별자치도,전북특별자치도 고창군 아산면 운곡로 418,전북특별자치도 고창군 아산면 운곡로 418,public_data
gc-adeec421c374,골프존카운티 천안,충청,병천면,병천면 매성2길 103,골프존카운티 천안 병천면 매성2길 103,public_data
gc-226b2263c6f6,골프존카운티 진천cc,충청,진천군,진천군 진천읍 송강로 783-51,골프존카운티 진천cc 진천군 진천읍 송강로 783-51,public_data
gc-ab22b2f16924,골프존카운티 화랑cc,충청,진천군,진천군 문백면 농다리로 809,골프존카운티 화랑cc 진천군 문백면 농다리로 809,public_data
gc-01762fe809b0,골프존 카운티 드래곤,전라,전북특별자치도,전북특별자치도 남원시 대산면 대사로 498,전북특별자치도 남원시 대산면 대사로 498,public_data
gc-d780ed19a4d0,골프존카운티오라 (회원제),제주,제주시,제주특별자치도 제주시 오라남로 130-16,제주특별자치도 제주시 오라남로 130-16,public_data
gc-4949c11c28bf,골프존카운티오라 (대중제),제주,제주시,제주특별자치도 제주시 오라남로 130-16,제주특별자치도 제주시 오라남로 130-16,public_data
gc-74de2175f831,블랙스톤제주,제주,제주시,제주특별자치도 제주시 한창로 925-122,제주특별자치도 제주시 한창로 925-122,public_data
