source_row_index,id,name,change_name_to,primary_search_term,fallback_search_term,used_search_term,search_attempt,matched_title,candidate_title,candidate_region,candidate_subregion,candidate_type,match_status,review_action,review_reason,suggested_change_name_to,weekday_sample_count,weekend_sample_count,weekday_price_min,weekday_price_max,weekend_price_min,weekend_price_max,price_min,price_max,overall_price_min,overall_price_max,success_day_count,no_price_day_count,manual_review_count,accept_price_day_count,price_scope,price_scope_summary,slot_load_complete,matched_region,source_name,last_collected_at,collected_at,detail_url
2,gc-1f14d0ca89b4,가산CC,가산CC,가산,가산CC,가산,primary,가산(P)(구,가산(P)(구,경상북부,칠곡,,ambiguous,manual_review,ambiguous_match,,1,0,,,,,,,,,0,1,1,0,,,,경상북부 > 칠곡,teescanner,2026-06-25T01:54:16.411Z,2026-06-25T01:54:16.411Z,
,gc-8fbc2ee961a0,고양컨트리클럽,,,,,,,,,,,,manual_review,,,1,1,,,,,,,,,0,2,2,0,,,,,teescanner,,,
,gc-63e74643a178,더헤븐CC,,,,,,,,,,,,manual_review,,,1,1,169200,225600,,,169200,225600,169200,225600,1,1,1,1,loaded_slots,loaded_slots,complete,,teescanner,,,
,gc-e684f84c8fa4,레이크사이드CC(퍼블릭),,,,,,,,,,,,accept_price,,,1,1,199000,240000,259000,300000,199000,300000,199000,300000,2,0,0,2,complete_day_slots,complete_day_slots,complete,,teescanner,,,https://www.teescanner.com/booking/detail?tab=teetime&golfclub_seq=244&roundDay=2026-06-27&entry_path=SC
,gc-310ce4be2e54,레이크우드CC(퍼블릭),,,,,,,,,,,,manual_review,,,2,0,,,,,,,,,0,2,2,0,,,,,teescanner,,,
,gc-657d8f5d1426,렉스필드CC(퍼블릭),,,,,,,,,,,,manual_review,,,2,0,,,,,,,,,0,2,2,0,,,,,teescanner,,,
,gc-61ba4f976442,렉스필드CC(회원제),,,,,,,,,,,,manual_review,,,2,0,,,,,,,,,0,2,2,0,,,,,teescanner,,,
,gc-8503021b2f0d,리앤리CC,,,,,,,,,,,,manual_review,,,1,1,130000,170000,220000,240000,130000,240000,130000,240000,2,0,2,0,complete_day_slots,complete_day_slots,complete,,teescanner,,,https://www.teescanner.com/booking/detail?tab=teetime&golfclub_seq=449&roundDay=2026-06-29&entry_path=SC
,gc-fde386e28664,마이다스레이크 이천 골프앤리조트,,,,,,,,,,,,manual_review,,,2,0,,,,,,,,,0,2,2,0,,,,,teescanner,,,
,gc-1914b4243487,몽베르CC(회원제),,,,,,,,,,,,accept_price,,,1,1,110000,170000,190000,220000,110000,220000,110000,220000,2,0,0,2,complete_day_slots,complete_day_slots,complete,,teescanner,,,https://www.teescanner.com/booking/detail?tab=teetime&golfclub_seq=229&roundDay=2026-06-29&entry_path=SC
,gc-014659dabae9,블랙스톤CC,,,,,,,,,,,,manual_review,,,2,0,,,,,,,,,0,2,2,0,,,,,teescanner,,,
,gc-07b4c0178c39,블루헤런GC,,,,,,,,,,,,accept_price,,,1,1,150000,180000,240000,250000,150000,250000,150000,250000,2,0,0,2,complete_day_slots,complete_day_slots,complete,,teescanner,,,https://www.teescanner.com/booking/detail?tab=teetime&golfclub_seq=207&roundDay=2026-06-27&entry_path=SC
,gc-2f2cc6b9afe3,비에이비스타CC(퍼블릭),,,,,,,,,,,,accept_price,,,1,1,105000,115000,125000,135000,105000,135000,105000,135000,2,0,0,2,partial_day_slots | complete_day_slots,partial_day_slots | complete_day_slots,partial,,teescanner,,,https://www.teescanner.com/booking/detail?tab=teetime&golfclub_seq=560&roundDay=2026-06-29&entry_path=SC
,gc-bcdfbfe815c7,비에이비스타CC(회원제),,,,,,,,,,,,accept_price,,,1,1,105000,115000,125000,135000,105000,135000,105000,135000,2,0,0,2,complete_day_slots | partial_day_slots,complete_day_slots | partial_day_slots,partial,,teescanner,,,https://www.teescanner.com/booking/detail?tab=teetime&golfclub_seq=560&roundDay=2026-06-27&entry_path=SC
3,gc-a862e6d054f2,빅토리아GC,빅토리아GC,빅토리아,빅토리아일반대중골프장,빅토리아,,빅토리아(P),빅토리아(P),경기남부,여주,P,,accept_price,,,1,1,60000,79000,113000,113000,60000,113000,60000,113000,2,0,0,2,loaded_slots,loaded_slots,complete,경기남부 > 여주,teescanner,2026-06-24T13:38:44.399Z,2026-06-24T13:38:44.399Z,https://www.teescanner.com/booking/detail?tab=teetime&golfclub_seq=202&roundDay=2026-06-29&entry_path=SC
4,gc-15dd2e00d6c7,군위오펠GC,군위오펠GC,군위오펠,오펠골프클럽,군위오펠,primary,군위오펠(P),군위오펠(P),경상북부,군위,P,ambiguous,manual_review,ambiguous_match,,1,0,,,,,,,,,0,1,1,0,,,,경상북부 > 군위,teescanner,2026-06-25T01:54:35.776Z,2026-06-25T01:54:35.776Z,
8,gc-120fdf5098ca,센추리21CC,센추리21CC,센추리21,센추리21컨트리클럽Ⅱ,센추리21,primary,센추리,센추리,강원서부,원주,,ambiguous,manual_review,multiple similar candidates,,2,0,,,,,,,,,0,2,2,0,,,,강원서부 > 원주,teescanner,2026-06-24T13:41:03.009Z,2026-06-24T13:41:03.009Z,
9,gc-d2426892b3a5,센추리21CC(퍼블릭),센추리21CC(퍼블릭),센추리21,센추리21퍼블릭,센추리21,primary,센추리,센추리,강원서부,원주,,ambiguous,manual_review,multiple similar candidates,,2,0,,,,,,,,,0,2,2,0,,,,강원서부 > 원주,teescanner,2026-06-24T13:41:22.212Z,2026-06-24T13:41:22.212Z,
10,gc-e9127c84ddf1,소노펠리체CC 비발디파크 WEST,소노펠리체CC 비발디파크 WEST,소노펠리체CC 비발디파크 WEST,소노펠리체 컨트리클럽 비발디파크 웨스트,소노펠리체 컨트리클럽 비발디파크 웨스트,,,,,,,,manual_review,,,2,0,,,,,,,,,0,2,2,0,,,,,teescanner,2026-06-24T13:42:00.739Z,2026-06-24T13:42:00.739Z,
11,gc-56adaea8c265,소노펠리체CC 비발디파크 MOUNTAIN,소노펠리체CC 비발디파크 MOUNTAIN,소노펠리체CC 비발디파크 MOUNTAIN,소노펠리체 컨트리클럽 비발디파크 마운틴,소노펠리체 컨트리클럽 비발디파크 마운틴,,,,,,,,manual_review,,,1,0,,,,,,,,,0,1,1,0,,,,,teescanner,2026-06-24T13:42:39.253Z,2026-06-24T13:42:39.253Z,
12,gc-67d0f65e6b2d,설해원,설해원,설해원,설해원더 레전드 코스,설해원더 레전드 코스,,,,,,,,manual_review,,,2,0,,,,,,,,,0,2,2,0,,,,,teescanner,2026-06-24T13:43:17.724Z,2026-06-24T13:43:17.724Z,
16,gc-9de1c40fef77,"블랙스톤CC(퍼블릭, 서코스)","블랙스톤CC(퍼블릭, 서코스)",블랙스톤,블랙스톤골프장(대중형),블랙스톤,primary,블랙스톤,블랙스톤,제주 제주도,제주시,,ambiguous,manual_review,multiple similar candidates,,1,0,,,,,,,,,0,1,1,0,,,,제주 제주도 > 제주시,teescanner,2026-06-25T01:56:12.050Z,2026-06-25T01:56:12.050Z,
18,gc-8a797fe2213a,금강CC(회원제),금강CC(회원제),금강,금강컨트리클럽(회원),금강,,금강,금강,경기남부,여주,,,accept_price,,,1,1,120000,150000,190000,220000,120000,220000,120000,220000,2,0,0,2,complete_day_slots,complete_day_slots,complete,경기남부 > 여주,teescanner,2026-06-24T13:46:50.697Z,2026-06-24T13:46:50.697Z,https://www.teescanner.com/booking/detail?tab=teetime&golfclub_seq=292&roundDay=2026-06-29&entry_path=SC
19,gc-3f6cace5bf14,"금강CC(퍼블릭, 동코스)","금강CC(퍼블릭, 동코스)",금강,금강컨트리클럽(대중),금강,,금강,금강,경기남부,여주,,,accept_price,,,1,1,120000,150000,190000,220000,120000,220000,120000,220000,2,0,0,2,complete_day_slots,complete_day_slots,complete,경기남부 > 여주,teescanner,2026-06-25T00:42:37.159Z,2026-06-25T00:42:37.159Z,https://www.teescanner.com/booking/detail?tab=teetime&golfclub_seq=292&roundDay=2026-06-29&entry_path=SC
23,gc-1730ca5fe304,뉴스프링빌2CC,뉴스프링빌2CC,뉴스프링빌2,뉴스프링빌Ⅱ,뉴스프링빌2,primary,뉴스프링빌(P),뉴스프링빌(P),경상북부,상주,P,ambiguous,manual_review,ambiguous_match,,1,0,,,,,,,,,0,1,1,0,,,,경상북부 > 상주,teescanner,2026-06-25T01:57:10.029Z,2026-06-25T01:57:10.029Z,
26,gc-3d725200e925,울산CC,울산CC,울산,울산골프장,울산골프장,,,,,,,,manual_review,,,1,0,,,,,,,,,0,1,1,0,,,,,teescanner,2026-06-25T00:45:14.586Z,2026-06-25T00:45:14.586Z,
28,gc-a6fee0f415b7,화순CC,화순CC,화순,화순CC,화순,primary,화순,화순,,,,ambiguous,manual_review,multiple similar candidates,,1,0,,,,,,,,,0,1,1,0,,,,,teescanner,2026-06-25T01:58:07.935Z,2026-06-25T01:58:07.935Z,
31,gc-98e3f829ab99,힐마루CC(퍼블릭),힐마루CC(퍼블릭),힐마루,힐마루컨트리클럽 (대중제),힐마루,primary,힐마루,힐마루,경상남부,창녕,,ambiguous,manual_review,multiple similar candidates,,1,0,,,,,,,,,0,1,1,0,,,,경상남부 > 창녕,teescanner,2026-06-25T01:58:46.402Z,2026-06-25T01:58:46.402Z,
34,gc-57d2cac587d2,에버리스GR(퍼블릭),에버리스GR(퍼블릭),에버리스GR,에버리스CC (대중제),에버리스CC (대중제),,,,,,,,manual_review,,,1,0,,,,,,,,,0,1,1,0,,,,,teescanner,2026-06-25T00:48:30.453Z,2026-06-25T00:48:30.453Z,
36,gc-a34d1218714a,해비치CC(퍼블릭),해비치CC(퍼블릭),해비치,해비치CC (대중제),해비치,,해비치,해비치,제주 제주,서귀포,,,accept_price,,,1,1,110000,160000,180000,210000,110000,210000,110000,210000,2,0,0,2,loaded_slots,loaded_slots,complete,제주 제주 > 서귀포,teescanner,2026-06-25T00:51:58.730Z,2026-06-25T00:51:58.730Z,https://www.teescanner.com/booking/detail?tab=teetime&golfclub_seq=14&roundDay=2026-06-29&entry_path=SC
41,gc-cd6b63162f39,거창CC,거창CC,거창,거창친환경대중골프장,거창,primary,클럽디거창(P),클럽디거창(P),경상북부,대구,P,ambiguous,manual_review,multiple similar candidates,,2,0,,,,,,,,,0,2,2,0,,,,경상북부 > 대구,teescanner,2026-06-25T00:55:10.131Z,2026-06-25T00:55:10.131Z,
103,gc-60336c4fc30b,노벨컨트리클럽,노벨컨트리클럽,노벨,고성노벨컨트리클럽,노벨,primary,고성노벨,고성노벨,경상남부,고성,,ambiguous,manual_review,multiple similar candidates,,2,0,,,,,,,,,0,2,2,0,,,,경상남부 > 고성,teescanner,2026-06-25T02:04:12.763Z,2026-06-25T02:04:12.763Z,
105,gc-4fc6d117b7f4,경주신라CC,경주신라CC,경주신라,경주신라C.C,경주신라,primary,경주신라,경주신라,경상북부,경주,,ambiguous,manual_review,ambiguous_match,,2,0,,,,,,,,,0,2,2,0,,,,경상북부 > 경주,teescanner,2026-06-25T02:05:11.366Z,2026-06-25T02:05:11.366Z,
,gc-9b37cfc9caa8,뉴스프링빌CC,,,,,,,,,,,,weekday,,,1,0,,,,,,,,,0,1,0,0,,,,,teescanner,,,ambiguous_match
107,gc-16c25d6f3f20,마우나오션CC,마우나오션CC,마우나오션,마우나오션블루,마우나오션,primary,마우나오션,마우나오션,경상북부,경주,,ambiguous,manual_review,ambiguous_match,,2,0,,,,,,,,,0,2,2,0,,,,경상북부 > 경주,teescanner,2026-06-25T02:05:51.001Z,2026-06-25T02:05:51.001Z,
110,gc-e67c48835b2a,선리치골프클럽,선리치골프클럽,선리치,선리치G.C,선리치G.C,,,,,,,,manual_review,,,2,0,,,,,,,,,0,2,2,0,,,,,teescanner,2026-06-25T08:13:06.520Z,2026-06-25T08:13:06.520Z,
,gc-ce976348ba8f,아난티클럽제주(퍼블릭),,,,,,,,,,,,manual_review,,,1,1,,,,,,,,,0,2,2,0,loaded_slots,loaded_slots,,,teescanner,,,https://www.teescanner.com/booking/detail?tab=teetime&golfclub_seq=185&roundDay=2026-06-29&entry_path=SC
,gc-7ef835cc44ce,엘리시안제주(회원제),,,,,,,,,,,,accept_price,,,1,1,130000,157000,175000,197000,130000,197000,130000,197000,2,0,0,2,loaded_slots,loaded_slots,complete,,teescanner,,,https://www.teescanner.com/booking/detail?tab=teetime&golfclub_seq=132&roundDay=2026-06-29&entry_path=SC
7,gc-40bd08295048,오크힐스CC,오크힐스CC,오크힐스,Oak Hills컨트리클럽,오크힐스,,오크힐스,오크힐스,강원서부,원주,,,accept_price,,,1,1,140000,170000,210000,220000,140000,220000,140000,220000,2,0,0,2,complete_day_slots,complete_day_slots,complete,강원서부 > 원주,teescanner,2026-06-24T13:40:43.744Z,2026-06-24T13:40:43.744Z,https://www.teescanner.com/booking/detail?tab=teetime&golfclub_seq=117&roundDay=2026-06-29&entry_path=SC
14,gc-0c833ff6d95f,블루원용인CC(회원제),블루원용인CC(회원제),블루원용인,블루원용인CC(회원제),블루원용인,,블루원용인,블루원용인,경기남부,용인,,,accept_price,,,1,1,150000,150000,200000,200000,150000,200000,150000,200000,2,0,0,2,complete_day_slots,complete_day_slots,complete,경기남부 > 용인,teescanner,2026-06-24T13:44:27.482Z,2026-06-24T13:44:27.482Z,https://www.teescanner.com/booking/detail?tab=teetime&golfclub_seq=48&roundDay=2026-06-29&entry_path=SC
17,gc-9d709ff43c33,몽베르CC(퍼블릭),몽베르CC(퍼블릭),몽베르,몽베르 컨트리클럽(비회원제),몽베르,,몽베르,몽베르,경기북부,포천,,,accept_price,,,1,1,110000,170000,190000,220000,110000,220000,110000,220000,2,0,0,2,complete_day_slots,complete_day_slots,complete,경기북부 > 포천,teescanner,2026-06-24T13:45:49.243Z,2026-06-24T13:45:49.243Z,https://www.teescanner.com/booking/detail?tab=teetime&golfclub_seq=229&roundDay=2026-06-29&entry_path=SC
21,gc-6b7f785d4813,힐스카이CC,힐스카이CC,힐스카이,힐스카이C.C,힐스카이,primary,힐스카이(P)(구,힐스카이(P)(구,경상북부,경주,,ambiguous,manual_review,ambiguous_match,,1,0,,,,,,,,,0,1,1,0,,,,경상북부 > 경주,teescanner,2026-06-25T01:56:31.568Z,2026-06-25T01:56:31.568Z,
22,gc-9adfe4aa2a07,안동리버힐CC,안동리버힐CC,안동리버힐,안동리버힐C.C,안동리버힐,primary,안동리버힐(구,안동리버힐(구,경상북부,안동,,ambiguous,manual_review,ambiguous_match,,1,0,,,,,,,,,0,1,1,0,,,,경상북부 > 안동,teescanner,2026-06-25T01:56:50.811Z,2026-06-25T01:56:50.811Z,
24,gc-5607a255716b,파라지오CC,파라지오CC,파라지오,파라지오C.C,파라지오,primary,파라지오(P),파라지오(P),경상북부,의성,P,ambiguous,manual_review,ambiguous_match,,2,0,,,,,,,,,0,2,2,0,,,,경상북부 > 의성,teescanner,2026-06-25T00:43:55.979Z,2026-06-25T00:43:55.979Z,
25,gc-66dd9ef01893,파미힐스CC,파미힐스CC,파미힐스,파미힐스C.C,파미힐스C.C,,,,,,,,manual_review,,,1,0,,,,,,,,,0,1,1,0,,,,,teescanner,2026-06-25T00:44:35.230Z,2026-06-25T00:44:35.230Z,
27,gc-dfddaf985536,순천CC,순천CC,순천,순천CC,순천,primary,순천(P9),순천(P9),,,,ambiguous,manual_review,multiple similar candidates,,1,0,,,,,,,,,0,1,1,0,,,,,teescanner,2026-06-25T01:57:48.634Z,2026-06-25T01:57:48.634Z,
29,gc-7c044b23d1a4,SG아름다운골프&리조트,SG아름다운골프&리조트,SG아름다운골프&,에스지아름다운골프&리조트,에스지아름다운골프&리조트,,,,,,,,manual_review,,,2,0,,,,,,,,,0,2,2,0,,,,,teescanner,2026-06-25T00:46:33.157Z,2026-06-25T00:46:33.157Z,
30,gc-41c9fac17790,롯데스카이힐부여CC,롯데스카이힐부여CC,롯데스카이힐부여,㈜호텔롯데 스카이힐 부여CC,롯데스카이힐부여,primary,롯데스카이힐부여(P),롯데스카이힐부여(P),,,P,ambiguous,manual_review,multiple similar candidates,,1,0,,,,,,,,,0,1,1,0,,,,,teescanner,2026-06-25T01:58:27.167Z,2026-06-25T01:58:27.167Z,
32,gc-43ee7ee149ba,오션힐스 포항CC,오션힐스 포항CC,오션힐스 포항,오션힐스포항C.C (대중제),오션힐스포항C.C (대중제),,,,,,,,manual_review,,,1,0,,,,,,,,,0,1,1,0,,,,,teescanner,2026-06-25T00:47:51.192Z,2026-06-25T00:47:51.192Z,
35,gc-8c893fc692ea,캐슬렉스제주(퍼블릭),캐슬렉스제주(퍼블릭),캐슬렉스제주,캐슬렉스제주 (대중제),캐슬렉스제주,,캐슬렉스,캐슬렉스,제주 제주,서귀포,,,accept_price,,,1,1,130000,135000,160000,160000,130000,160000,130000,160000,2,0,0,2,loaded_slots,loaded_slots,complete,제주 제주 > 서귀포,teescanner,2026-06-25T00:49:55.200Z,2026-06-25T00:49:55.200Z,https://www.teescanner.com/booking/detail?tab=teetime&golfclub_seq=60&roundDay=2026-06-29&entry_path=SC
37,gc-ae905ec6b25f,소노펠리체CC 비발디파크 EAST,소노펠리체CC 비발디파크 EAST,소노펠리체CC 비발디파크 EAST,소노펠리체 컨트리클럽 비발디파크 이스트,소노펠리체 컨트리클럽 비발디파크 이스트,,,,,,,,manual_review,,,1,0,,,,,,,,,0,1,1,0,,,,,teescanner,2026-06-25T00:53:02.494Z,2026-06-25T00:53:02.494Z,
38,gc-ec8024eb7955,웰리힐리CC,웰리힐리CC,웰리힐리,웰리힐리퍼블릭,웰리힐리,primary,웰리힐리,웰리힐리,강원서부,횡성,,ambiguous,manual_review,ambiguous_match,,1,0,,,,,,,,,0,1,1,0,,,,강원서부 > 횡성,teescanner,2026-06-25T01:59:05.669Z,2026-06-25T01:59:05.669Z,
40,gc-69fe3eb3e177,사우스케이프CC,사우스케이프CC,사우스케이프,사우스케이프오너스클럽,사우스케이프오너스클럽,,,,,,,,manual_review,,,1,0,,,,,,,,,0,1,1,0,,,,,teescanner,2026-06-25T00:54:38.205Z,2026-06-25T00:54:38.205Z,
42,gc-a1d37ac059d4,경주CC,경주CC,경주,경주C.C,경주,primary,경주(P),경주(P),경상북부,경주,P,ambiguous,manual_review,multiple similar candidates,,1,0,,,,,,,,,0,1,1,0,,,,경상북부 > 경주,teescanner,2026-06-25T01:59:44.331Z,2026-06-25T01:59:44.331Z,
43,gc-130f7b88bcf3,우리GC,우리GC,우리,우리G.C,우리,primary,우리골프클럽(P),우리골프클럽(P),경상북부,경주,P,ambiguous,manual_review,multiple similar candidates,,1,0,,,,,,,,,0,1,1,0,,,,경상북부 > 경주,teescanner,2026-06-25T02:00:03.962Z,2026-06-25T02:00:03.962Z,
44,gc-29c208d17553,오션힐스 청도GC,오션힐스 청도GC,오션힐스 청도,오션힐스청도G.C,오션힐스청도G.C,,,,,,,,manual_review,,,1,0,,,,,,,,,0,1,1,0,,,,,teescanner,2026-06-25T00:57:21.967Z,2026-06-25T00:57:21.967Z,
45,gc-2159121d90f9,광산CC,광산CC,광산,에콜리안광산골프장,에콜리안광산골프장,,,,,,,,manual_review,,,1,0,,,,,,,,,0,1,1,0,,,,,teescanner,2026-06-25T00:58:29.725Z,2026-06-25T00:58:29.725Z,
48,gc-d5a6f91a588a,다산베아채골프&리조트,다산베아채골프&리조트,다산베아채골프&,다산베아채골프&리조트,다산베아채골프&리조트,,,,,,,,manual_review,,,1,0,,,,,,,,,0,1,1,0,,,,,teescanner,2026-06-25T00:59:32.365Z,2026-06-25T00:59:32.365Z,
49,gc-c8fc5eccf7b9,함평천지CC,함평천지CC,함평천지,천지CC,천지CC,,,,,,,,manual_review,,,1,0,,,,,,,,,0,1,1,0,,,,,teescanner,2026-06-25T01:00:38.695Z,2026-06-25T01:00:38.695Z,
50,gc-606fb4b33249,올데이청주떼제베,올데이청주떼제베,올데이청주떼제베,떼제베운영,떼제베운영,,,,,,,,manual_review,,,1,0,,,,,,,,,0,1,1,0,,,,,teescanner,2026-06-25T01:01:45.152Z,2026-06-25T01:01:45.152Z,
51,gc-97d5d758dc31,블랙스톤CC,블랙스톤CC,블랙스톤,블랙스톤cc,블랙스톤,primary,블랙스톤,블랙스톤,제주 제주도,제주시,,ambiguous,manual_review,multiple similar candidates,,1,0,,,,,,,,,0,1,1,0,,,,제주 제주도 > 제주시,teescanner,2026-06-25T02:00:23.621Z,2026-06-25T02:00:23.621Z,
53,gc-4d1cbdf3ceb2,롯데스카이힐제주CC,롯데스카이힐제주CC,롯데스카이힐제주,롯데스카이힐제주 (대중제),롯데스카이힐제주,,롯데스카이힐,롯데스카이힐,제주 제주,서귀포,,,accept_price,,,1,1,90000,150000,160000,180000,90000,180000,90000,180000,2,0,0,2,loaded_slots,loaded_slots,complete,제주 제주 > 서귀포,teescanner,2026-06-25T01:04:35.494Z,2026-06-25T01:04:35.494Z,https://www.teescanner.com/booking/detail?tab=teetime&golfclub_seq=173&roundDay=2026-06-29&entry_path=SC
54,gc-ae299d74ffe4,여수시티파크리조트골프장,여수시티파크리조트골프장,여수시티파크리조트,여수시티파크골프&호텔,여수시티파크골프&호텔,,,,,,,,manual_review,,,1,0,,,,,,,,,0,1,1,0,,,,,teescanner,2026-06-25T01:05:39.616Z,2026-06-25T01:05:39.616Z,
55,gc-b768a2002431,메이플비치골프앤리조트 CC,메이플비치골프앤리조트 CC,메이플비치골프앤리조트,메이플비치골프&리조트,메이플비치골프&리조트,,,,,,,,manual_review,,,1,0,,,,,,,,,0,1,1,0,,,,,teescanner,2026-06-25T01:06:42.652Z,2026-06-25T01:06:42.652Z,
56,gc-e6edfdd39527,오투리조트CC,오투리조트CC,오투리조트,O2리조트 퍼블릭골프장,오투리조트,,오투리조트(P),오투리조트(P),강원동부,태백,P,,accept_price,,,1,1,100000,100000,150000,150000,100000,150000,100000,150000,2,0,0,2,loaded_slots,loaded_slots,complete,강원동부 > 태백,teescanner,2026-06-25T01:08:46.370Z,2026-06-25T01:08:46.370Z,https://www.teescanner.com/booking/detail?tab=teetime&golfclub_seq=116&roundDay=2026-06-29&entry_path=SC
57,gc-fac50b03683e,벨라45 컨트리클럽,벨라45 컨트리클럽,벨라45,벨라45 오너스 컨트리클럽,벨라45,primary,벨라(P),벨라(P),강원서부,원주,P,ambiguous,manual_review,ambiguous_match,,1,0,,,,,,,,,0,1,1,0,,,,강원서부 > 원주,teescanner,2026-06-25T02:00:43.235Z,2026-06-25T02:00:43.235Z,
58,gc-11423b427515,용평리조트골프클럽,,용평리조트,용평리조트골프클럽,용평리조트골프클럽,,,,,,,,manual_review,,,1,0,,,,,,,,,0,1,1,0,,,,,teescanner,2026-06-25T01:10:07.583Z,2026-06-25T01:10:07.583Z,
59,gc-1e4b4a02117e,용평버치힐골프클럽,,용평버치힐,용평버치힐골프클럽,용평버치힐골프클럽,,,,,,,,manual_review,,,1,0,,,,,,,,,0,1,1,0,,,,,teescanner,2026-06-25T01:10:47.042Z,2026-06-25T01:10:47.042Z,
60,gc-07cd3007c683,용평리조트대중골프장,,용평리조트대중,용평리조트대중골프장,용평리조트대중골프장,,,,,,,,manual_review,,,1,0,,,,,,,,,0,1,1,0,,,,,teescanner,2026-06-25T01:11:26.559Z,2026-06-25T01:11:26.559Z,
61,gc-4af8a2f8ed32,플라자CC 용인,플라자CC 용인,플라자CC 용인,플라자CC,플라자CC,fallback,플라자CC용인,플라자CC용인,경기남부,용인,,matched,manual_review,,,1,0,,,,,,,,,0,1,1,0,,,,경기남부 > 용인,teescanner,2026-06-25T01:12:04.195Z,2026-06-25T01:12:04.195Z,
62,gc-9da6f2a0f2d9,태광CC(회원제),태광CC(회원제),태광,태광컨트리클럽(회원제),태광,,태광,태광,경기남부,용인,,,accept_price,,,1,1,220000,260000,300000,300000,220000,300000,220000,300000,2,0,0,2,complete_day_slots,complete_day_slots,complete,경기남부 > 용인,teescanner,2026-06-25T01:13:07.640Z,2026-06-25T01:13:07.640Z,https://www.teescanner.com/booking/detail?tab=teetime&golfclub_seq=51&roundDay=2026-06-29&entry_path=SC
63,gc-3d63d3179c0f,태광CC(퍼블릭),태광CC(퍼블릭),태광,태광컨트리클럽(대중제),태광,,태광,태광,경기남부,용인,,,manual_review,,,1,1,220000,260000,300000,300000,220000,300000,220000,300000,2,0,2,0,complete_day_slots,complete_day_slots,complete,경기남부 > 용인,teescanner,2026-06-25T02:01:45.878Z,2026-06-25T02:01:45.878Z,https://www.teescanner.com/booking/detail?tab=teetime&golfclub_seq=51&roundDay=2026-06-29&entry_path=SC
64,gc-0f218a599984,88CC,88CC,88,국가보훈부 88골프장,국가보훈부 88골프장,,,,,,,,manual_review,,,1,0,,,,,,,,,0,1,1,0,,,,,teescanner,2026-06-25T01:14:07.005Z,2026-06-25T01:14:07.005Z,
65,gc-588d348bc962,레이크사이드CC(회원제),레이크사이드CC(회원제),레이크사이드,레이크사이드CC(회원제),레이크사이드,,레이크사이드,레이크사이드,경기남부,용인,,,manual_review,,,1,1,199000,240000,,,199000,240000,199000,240000,1,1,1,1,loaded_slots | complete_day_slots,loaded_slots | complete_day_slots,complete,경기남부 > 용인,teescanner,2026-06-25T01:15:14.720Z,2026-06-25T01:15:14.720Z,https://www.teescanner.com/booking/detail?tab=teetime&golfclub_seq=244&roundDay=2026-06-29&entry_path=SC
66,gc-2ef4e18d677b,블루원용인CC(퍼블릭),블루원용인CC(퍼블릭),블루원용인,블루원용인CC(비회원제),블루원용인,,블루원용인,블루원용인,경기남부,용인,,,accept_price,,,1,1,150000,150000,200000,200000,150000,200000,150000,200000,2,0,0,2,complete_day_slots,complete_day_slots,complete,경기남부 > 용인,teescanner,2026-06-25T01:16:26.516Z,2026-06-25T01:16:26.516Z,https://www.teescanner.com/booking/detail?tab=teetime&golfclub_seq=48&roundDay=2026-06-29&entry_path=SC
67,gc-4487ee52808c,코리아퍼블릭CC,코리아퍼블릭CC,코리아퍼블릭,코리아대중CC,코리아대중CC,,,,,,,,manual_review,,,1,0,,,,,,,,,0,1,1,0,,,,,teescanner,2026-06-25T01:17:06.094Z,2026-06-25T01:17:06.094Z,
68,gc-4687a4044d34,지산퍼블릭,지산퍼블릭,지산퍼블릭,지산퍼블릭,지산퍼블릭,,지산퍼블릭(P),지산퍼블릭(P),경기남부,용인권,P,,accept_price,,,1,1,40000,100000,52000,65000,40000,100000,40000,100000,2,0,0,2,complete_day_slots,complete_day_slots,complete,경기남부 > 용인권,teescanner,2026-06-25T01:18:19.594Z,2026-06-25T01:18:19.594Z,https://www.teescanner.com/booking/detail?tab=teetime&golfclub_seq=426&roundDay=2026-06-29&entry_path=SC
70,gc-a80360466b97,123골프클럽,123골프클럽,123,1·2·3 골프장,1·2·3 골프장,,,,,,,,manual_review,,,1,0,,,,,,,,,0,1,1,0,,,,,teescanner,2026-06-25T01:18:59.245Z,2026-06-25T01:18:59.245Z,
71,gc-ccb45b4f27e1,발리오스CC(회원제),발리오스CC(회원제),발리오스,발리오스컨트리클럽(회원제),발리오스,,발리오스,발리오스,경기남부,화성,,,manual_review,,,1,1,230000,230000,,,230000,230000,230000,230000,1,1,1,1,loaded_slots | complete_day_slots,loaded_slots | complete_day_slots,complete,경기남부 > 화성,teescanner,2026-06-25T01:20:07.242Z,2026-06-25T01:20:07.242Z,https://www.teescanner.com/booking/detail?tab=teetime&golfclub_seq=224&roundDay=2026-06-29&entry_path=SC
72,gc-2db2d6cad688,"발리오스CC(퍼블릭, 남코스)","발리오스CC(퍼블릭, 남코스)",발리오스,발리오스컨트리클럽(비회원제),발리오스,,발리오스,발리오스,경기남부,화성,,,manual_review,,,1,1,230000,230000,,,230000,230000,230000,230000,1,1,1,1,loaded_slots | complete_day_slots,loaded_slots | complete_day_slots,complete,경기남부 > 화성,teescanner,2026-06-25T02:02:53.006Z,2026-06-25T02:02:53.006Z,https://www.teescanner.com/booking/detail?tab=teetime&golfclub_seq=224&roundDay=2026-06-29&entry_path=SC
73,gc-4905c6ca9b75,화성상록GC,화성상록GC,화성상록,화성 상록G.C,화성상록,,화성상록(P),화성상록(P),경기남부,화성,P,,manual_review,,,1,1,160000,160000,,,160000,160000,160000,160000,1,1,1,1,loaded_slots | complete_day_slots,loaded_slots | complete_day_slots,complete,경기남부 > 화성,teescanner,2026-06-25T01:21:43.237Z,2026-06-25T01:21:43.237Z,https://www.teescanner.com/booking/detail?tab=teetime&golfclub_seq=8&roundDay=2026-06-29&entry_path=SC
74,gc-73a2a3982c35,한림광릉CC(회원제),한림광릉CC(회원제),한림광릉,광릉CC(회원제),한림광릉,,한림광릉,한림광릉,경기북부,남양주,,,manual_review,,,1,1,130000,130000,,,130000,130000,130000,130000,1,1,1,1,loaded_slots | complete_day_slots,loaded_slots | complete_day_slots,complete,경기북부 > 남양주,teescanner,2026-06-25T01:22:52.244Z,2026-06-25T01:22:52.244Z,https://www.teescanner.com/booking/detail?tab=teetime&golfclub_seq=301&roundDay=2026-06-29&entry_path=SC
77,gc-81becbdb274e,파주제이퍼블릭골프클럽,파주제이퍼블릭골프클럽,파주제이퍼블릭,파주 J-Public 골프장,파주 J-Public 골프장,,,,,,,,manual_review,,,1,0,,,,,,,,,0,1,1,0,,,,,teescanner,2026-06-25T01:23:31.823Z,2026-06-25T01:23:31.823Z,
79,gc-9eb46dae9c9d,타이거CC,타이거CC,타이거,타이거CC 골프장,타이거,,타이거(P),타이거(P),경기북부,파주,P,,accept_price,,,1,1,110000,140000,180000,200000,110000,200000,110000,200000,2,0,0,2,complete_day_slots,complete_day_slots,complete,경기북부 > 파주,teescanner,2026-06-25T01:24:36.838Z,2026-06-25T01:24:36.838Z,https://www.teescanner.com/booking/detail?tab=teetime&golfclub_seq=624&roundDay=2026-06-29&entry_path=SC
80,gc-f2cf5d51eba9,레이크우드CC(회원제),레이크우드CC(회원제),레이크우드,레이크우드 골프장(회원제),레이크우드 골프장(회원제),,,,,,,,manual_review,,,1,0,,,,,,,,,0,1,1,0,,,,,teescanner,2026-06-25T01:25:16.398Z,2026-06-25T01:25:16.398Z,
83,gc-06bb9165507c,사우스스프링스CC,사우스스프링스CC,사우스스프링스,사우스스프링스C.C,사우스스프링스,,사우스스프링스(P),사우스스프링스(P),경기남부,이천,P,,manual_review,,,1,1,,,140000,140000,140000,140000,140000,140000,1,1,1,1,complete_day_slots | loaded_slots,complete_day_slots | loaded_slots,complete,경기남부 > 이천,teescanner,2026-06-25T01:26:24.134Z,2026-06-25T01:26:24.134Z,https://www.teescanner.com/booking/detail?tab=teetime&golfclub_seq=7&roundDay=2026-06-29&entry_path=SC
88,gc-adc16ee54b54,안성CC,안성CC,안성,안성컨트리클럽,안성,primary,안성,안성,경기남부,안성,,matched,manual_review,,,1,0,,,,,,,,,0,1,1,0,,,,경기남부 > 안성,teescanner,2026-06-25T01:26:44.052Z,2026-06-25T01:26:44.052Z,
99,gc-aa2c41b33610,아난티클럽서울,아난티클럽서울,아난티클럽서울,아난티클럽서울,아난티클럽서울,,,,,,,,manual_review,,,1,0,,,,,,,,,0,1,1,0,,,,,teescanner,2026-06-25T01:27:05.959Z,2026-06-25T01:27:05.959Z,
100,gc-a8d0095f2145,가평 베네스트GC,가평 베네스트GC,가평 베네스트,가평 베네스트G.C,가평 베네스트G.C,,,,,,,,manual_review,,,1,0,,,,,,,,,0,1,1,0,,,,,teescanner,2026-06-25T01:27:45.491Z,2026-06-25T01:27:45.491Z,
102,gc-68d69c3be5e4,골프존카운티 이든,골프존카운티 이든,골프존카운티 이든,에덴밸리컨트리클럽,에덴밸리컨트리클럽,,,,,,,,manual_review,,,1,0,,,,,,,,,0,1,1,0,,,,,teescanner,2026-06-25T02:03:53.486Z,2026-06-25T02:03:53.486Z,
104,gc-dd8a710bd41c,이스턴CC,이스턴CC,이스턴,청하이스턴C.C,청하이스턴C.C,,,,,,,,manual_review,,,2,0,,,,,,,,,0,2,2,0,,,,,teescanner,2026-06-25T02:04:51.690Z,2026-06-25T02:04:51.690Z,
106,gc-4826ba3e38b9,마우나오션CC,마우나오션CC,마우나오션,마우나오션C.C,마우나오션,primary,마우나오션,마우나오션,경상북부,경주,,ambiguous,manual_review,ambiguous_match,,1,0,,,,,,,,,0,1,1,0,,,,경상북부 > 경주,teescanner,2026-06-25T02:05:31.068Z,2026-06-25T02:05:31.068Z,
108,gc-eb9124b06908,코오롱호텔 가든 골프장,코오롱호텔 가든 골프장,코오롱호텔 가든,가든골프클럽,가든골프클럽,,,,,,,,manual_review,,,1,0,,,,,,,,,0,1,1,0,,,,,teescanner,2026-06-25T02:06:30.583Z,2026-06-25T02:06:30.583Z,
109,gc-881d18bae24f,강동디아너스CC,강동디아너스CC,강동디아너스,디아너스C.C,강동디아너스,primary,강동디아너스(구,강동디아너스(구,경상북부,경주,,ambiguous,manual_review,ambiguous_match,,2,0,,,,,,,,,0,2,2,0,,,,경상북부 > 경주,teescanner,2026-06-25T08:12:27.740Z,2026-06-25T08:12:27.740Z,
111,gc-d69bb1cfadc7,이스트힐컨트리클럽,이스트힐컨트리클럽,이스트힐,이스트힐C.C,이스트힐C.C,,,,,,,,manual_review,,,1,0,,,,,,,,,0,1,1,0,,,,,teescanner,2026-06-25T08:13:45.955Z,2026-06-25T08:13:45.955Z,
112,gc-bd2c2f813e31,애플밸리CC,애플밸리CC,애플밸리,애플밸리C.C,애플밸리,primary,애플밸리(P),애플밸리(P),경상북부,김천,P,ambiguous,manual_review,ambiguous_match,,1,0,,,,,,,,,0,1,1,0,,,,경상북부 > 김천,teescanner,2026-06-25T08:14:05.526Z,2026-06-25T08:14:05.526Z,
113,gc-1e3e002ab2ce,김천포도CC,김천포도CC,김천포도,포도C.C,포도C.C,,,,,,,,manual_review,,,1,0,,,,,,,,,0,1,1,0,,,,,teescanner,2026-06-25T08:14:45.023Z,2026-06-25T08:14:45.023Z,
114,gc-8894492ab1a6,남안동CC,남안동CC,남안동,남안동C.C,남안동,primary,남안동,남안동,경상북부,안동,,ambiguous,manual_review,ambiguous_match,,1,0,,,,,,,,,0,1,1,0,,,,경상북부 > 안동,teescanner,2026-06-25T08:15:04.781Z,2026-06-25T08:15:04.781Z,
115,gc-ddc7e02567ba,구미CC,구미CC,구미,구미C.C,구미,primary,골프존카운티구미(P),골프존카운티구미(P),경상북부,구미,P,ambiguous,manual_review,multiple similar candidates,,1,0,,,,,,,,,0,1,1,0,,,,경상북부 > 구미,teescanner,2026-06-25T08:15:24.444Z,2026-06-25T08:15:24.444Z,
116,gc-f7e7bf534d31,오션힐스 영천CC,오션힐스 영천CC,오션힐스 영천,영천C.C,영천C.C,,,,,,,,manual_review,,,1,0,,,,,,,,,0,1,1,0,,,,,teescanner,2026-06-25T08:16:03.739Z,2026-06-25T08:16:03.739Z,
117,gc-206bb0d5628c,시엘GC,시엘GC,시엘,시엘G.C,시엘,primary,시엘골프클럽(P),시엘골프클럽(P),경상북부,영천,P,ambiguous,manual_review,ambiguous_match,,1,0,,,,,,,,,0,1,1,0,,,,경상북부 > 영천,teescanner,2026-06-25T08:16:23.202Z,2026-06-25T08:16:23.202Z,
118,gc-77f7a5893fb0,문경GC,문경GC,문경,문경레저타운골프장,문경,primary,문경(P),문경(P),경상북부,문경,P,ambiguous,manual_review,ambiguous_match,,1,0,,,,,,,,,0,1,1,0,,,,경상북부 > 문경,teescanner,2026-06-25T08:16:42.472Z,2026-06-25T08:16:42.472Z,
119,gc-fe29a1584040,대구컨트리클럽,대구컨트리클럽,대구,대구C.C,대구,primary,전체,전체,경상북부,대구권,,ambiguous,manual_review,multiple similar candidates,,1,0,,,,,,,,,0,1,1,0,,,,경상북부 > 대구권,teescanner,2026-06-25T08:17:02.122Z,2026-06-25T08:17:02.122Z,
120,gc-c781c317ede3,오션비치 골프앤리조트,오션비치 골프앤리조트,오션비치 골프앤,오션비치C.C,오션비치C.C,,,,,,,,manual_review,,,1,0,,,,,,,,,0,1,1,0,,,,,teescanner,2026-06-25T08:17:41.421Z,2026-06-25T08:17:41.421Z,
121,gc-911caf331754,그레이스CC,그레이스CC,그레이스,그레이스C.C,그레이스,primary,그레이스(P),그레이스(P),경상북부,대구권,P,ambiguous,manual_review,ambiguous_match,,1,0,,,,,,,,,0,1,1,0,,,,경상북부 > 대구권,teescanner,2026-06-25T08:18:01.207Z,2026-06-25T08:18:01.207Z,
122,gc-0665bc0c6cce,고령유니밸리CC,고령유니밸리CC,고령유니밸리,유니밸리C.C,고령유니밸리,primary,고령유니밸리(P),고령유니밸리(P),경상북부,대구권,P,ambiguous,manual_review,ambiguous_match,,1,0,,,,,,,,,0,1,1,0,,,,경상북부 > 대구권,teescanner,2026-06-25T08:18:20.923Z,2026-06-25T08:18:20.923Z,
123,gc-e2e76f635c4a,세븐밸리CC,세븐밸리CC,세븐밸리,세븐밸리C.C,세븐밸리,primary,세븐밸리(P),세븐밸리(P),경상북부,칠곡,P,ambiguous,manual_review,ambiguous_match,,1,0,,,,,,,,,0,1,1,0,,,,경상북부 > 칠곡,teescanner,2026-06-25T08:18:40.645Z,2026-06-25T08:18:40.645Z,
124,gc-bc41a2489944,칠곡아이위시CC,칠곡아이위시CC,칠곡아이위시,칠곡아이위시C.C,칠곡아이위시,primary,칠곡아이위시(P)(카트불포함),칠곡아이위시(P)(카트불포함),경상북부,칠곡,,ambiguous,manual_review,ambiguous_match,,1,0,,,,,,,,,0,1,1,0,,,,경상북부 > 칠곡,teescanner,2026-06-25T08:19:00.384Z,2026-06-25T08:19:00.384Z,
126,gc-4906278997cc,사이언스대덕골프장,사이언스대덕골프장,사이언스대덕,대덕복지센터,대덕복지센터,,,,,,,,manual_review,,,2,0,,,,,,,,,0,2,2,0,,,,,teescanner,2026-06-25T08:19:39.874Z,2026-06-25T08:19:39.874Z,
,gc-6259847b3bba,스카이밸리CC(퍼블릭),,,,,,,,,,,,accept_price,,,1,1,140000,180000,200000,240000,140000,240000,140000,240000,2,0,0,2,complete_day_slots,complete_day_slots,complete,,teescanner,,,https://www.teescanner.com/booking/detail?tab=teetime&golfclub_seq=175&roundDay=2026-06-27&entry_path=SC
,gc-ddb3947686d1,스카이밸리CC(회원제),,,,,,,,,,,,accept_price,,,1,1,120000,130000,200000,240000,120000,240000,120000,240000,2,0,0,2,complete_day_slots,complete_day_slots,complete,,teescanner,,,https://www.teescanner.com/booking/detail?tab=teetime&golfclub_seq=175&roundDay=2026-06-29&entry_path=SC
,gc-d14f87b6bb30,썬힐GC,,,,,,,,,,,,accept_price,,,1,1,130000,130000,190000,190000,130000,190000,130000,190000,2,0,0,2,complete_day_slots,complete_day_slots,complete,,teescanner,,,https://www.teescanner.com/booking/detail?tab=teetime&golfclub_seq=161&roundDay=2026-06-29&entry_path=SC
5,gc-9a7cb8103191,오크밸리CC,오크밸리CC,오크밸리,오크밸리회원제골프장,오크밸리,primary,오크밸리,오크밸리,강원서부,원주,,ambiguous,manual_review,ambiguous_match,,2,0,,,,,,,,,0,2,2,0,,,,강원서부 > 원주,teescanner,2026-06-24T13:39:22.889Z,2026-06-24T13:39:22.889Z,
,gc-34f4d067cfc2,원더클럽 파주CC,,,,,,,,,,,,manual_review,,,1,1,,,,,,,,,0,2,2,0,,,,,teescanner,,,
6,gc-7b4833dc4475,월송리CC,월송리CC,월송리,월송리 컨트리클럽,월송리,primary,월송리(P),월송리(P),강원서부,원주,P,ambiguous,manual_review,ambiguous_match,,2,0,,,,,,,,,0,2,2,0,,,,강원서부 > 원주,teescanner,2026-06-24T13:39:42.091Z,2026-06-24T13:39:42.091Z,
,gc-7b483fb0f2d1,이지스카이 골프클럽,,,,,,,,,,,,manual_review,,,2,0,,,,,,,,,0,2,2,0,,,,,teescanner,,,
,gc-403c1dbe574a,이천실크밸리GC,,,,,,,,,,,,manual_review,,,2,0,,,,,,,,,0,2,2,0,,,,,teescanner,,,
,gc-d569726d2503,일동레이크GC,,,,,,,,,,,,manual_review,,,2,0,,,,,,,,,0,2,2,0,,,,,teescanner,,,
,gc-51bfec26aa96,자유CC,,,,,,,,,,,,accept_price,,,1,1,130000,130000,200000,200000,130000,200000,130000,200000,2,0,0,2,loaded_slots,loaded_slots,complete,,teescanner,,,https://www.teescanner.com/booking/detail?tab=teetime&golfclub_seq=86&roundDay=2026-06-29&entry_path=SC
,gc-2cf253808f7a,캐슬파인GC,,,,,,,,,,,,accept_price,,,1,1,80000,90000,180000,200000,80000,200000,80000,200000,2,0,0,2,complete_day_slots,complete_day_slots,complete,,teescanner,,,https://www.teescanner.com/booking/detail?tab=teetime&golfclub_seq=59&roundDay=2026-06-29&entry_path=SC
,gc-b0d53a657195,클럽72CC,,,,,,,,,,,,manual_review,,,1,1,,,,,,,,,0,2,2,0,,,,,teescanner,,,
,gc-a7bb99a4bcec,클럽72CC(하늘),,,,,,,,,,,,manual_review,,,1,1,,,,,,,,,0,2,2,0,,,,,teescanner,,,
,gc-cd449267e87f,파인크리크CC,,,,,,,,,,,,accept_price,,,1,1,125000,150000,250000,250000,125000,250000,125000,250000,2,0,0,2,loaded_slots,loaded_slots,complete,,teescanner,,,https://www.teescanner.com/booking/detail?tab=teetime&golfclub_seq=39&roundDay=2026-06-29&entry_path=SC
,gc-4884a38f1896,포천아도니스CC,,,,,,,,,,,,accept_price,,,1,1,160000,160000,260000,260000,160000,260000,160000,260000,2,0,0,2,complete_day_slots,complete_day_slots,complete,,teescanner,,,https://www.teescanner.com/booking/detail?tab=teetime&golfclub_seq=32&roundDay=2026-06-29&entry_path=SC
,gc-e2614722e86e,포천아도니스CC 퍼블릭,,,,,,,,,,,,manual_review,,,2,0,,,,,,,,,0,2,2,0,,,,,teescanner,,,
,gc-66517960c8f8,한림광릉CC(퍼블릭),,,,,,,,,,,,manual_review,,,1,1,150000,160000,,,150000,160000,150000,160000,1,1,1,1,complete_day_slots,complete_day_slots,complete,,teescanner,,,
127,gc-de756338755f,해라CC,해라CC,해라,해라컨트리클럽,해라컨트리클럽,,,,,,,,manual_review,,,2,0,,,,,,,,,0,2,2,0,,,,,teescanner,2026-06-25T08:20:19.257Z,2026-06-25T08:20:19.257Z,
128,gc-9407b216837c,골프존카운티 더골프,골프존카운티 더골프,골프존카운티 더골프,더골프골프장,더골프골프장,,,,,,,,manual_review,,,1,0,,,,,,,,,0,1,1,0,,,,,teescanner,2026-06-25T08:20:58.900Z,2026-06-25T08:20:58.900Z,
129,gc-349a94f1be3f,세이지우드CC 여수경도,세이지우드CC 여수경도,세이지우드CC 여수경도,세이지우드 여수경도,세이지우드 여수경도,,,,,,,,manual_review,,,1,0,,,,,,,,,0,1,1,0,,,,,teescanner,2026-06-25T08:21:38.184Z,2026-06-25T08:21:38.184Z,
130,gc-dcb20414b48e,나주CC,나주CC,나주,나주CC,나주CC,,,,,,,,manual_review,,,1,0,,,,,,,,,0,1,1,0,,,,,teescanner,2026-06-25T08:22:17.681Z,2026-06-25T08:22:17.681Z,
131,gc-050aa8bd6c6f,파인비치,파인비치,파인비치,오시아노골프클럽,파인비치,primary,파인비치(P),파인비치(P),,,P,ambiguous,manual_review,ambiguous_match,,1,0,,,,,,,,,0,1,1,0,,,,,teescanner,2026-06-25T08:22:37.338Z,2026-06-25T08:22:37.338Z,
132,gc-5085ddf672a6,코스모스링스(폐업),코스모스링스(폐업),코스모스링스(폐업),cosmos 1,cosmos 1,,,,,,,,manual_review,,,1,0,,,,,,,,,0,1,1,0,,,,,teescanner,2026-06-25T08:23:16.524Z,2026-06-25T08:23:16.524Z,
133,gc-3355d2573fd4,에콜리안영광CC,에콜리안영광CC,에콜리안영광,에콜리안영광골프장,에콜리안영광골프장,,,,,,,,manual_review,,,1,0,,,,,,,,,0,1,1,0,,,,,teescanner,2026-06-25T08:23:55.915Z,2026-06-25T08:23:55.915Z,
134,gc-667fefd06c3f,푸른솔GC 장성,푸른솔GC 장성,푸른솔GC 장성,푸른솔 골프클럽,푸른솔 골프클럽,,,,,,,,manual_review,,,1,0,,,,,,,,,0,1,1,0,,,,,teescanner,2026-06-25T08:24:35.272Z,2026-06-25T08:24:35.272Z,
135,gc-14ba1ad9ac28,군산CC,군산CC,군산,군산CC,군산,primary,군산(레귤러),군산(레귤러),,,,ambiguous,manual_review,multiple similar candidates,,1,0,,,,,,,,,0,1,1,0,,,,,teescanner,2026-06-25T08:24:55.051Z,2026-06-25T08:24:55.051Z,
136,gc-7e17709a629a,익산컨트리클럽,익산컨트리클럽,익산,상떼힐CC,익산,primary,익산(P)(구,익산(P)(구,,,,ambiguous,manual_review,ambiguous_match,,1,0,,,,,,,,,0,1,1,0,,,,,teescanner,2026-06-25T08:25:14.732Z,2026-06-25T08:25:14.732Z,
137,gc-236bf8a0310c,에스페란사GC,에스페란사GC,에스페란사,에스페란사GC,에스페란사GC,,,,,,,,manual_review,,,1,0,,,,,,,,,0,1,1,0,,,,,teescanner,2026-06-25T08:25:54.213Z,2026-06-25T08:25:54.213Z,
138,gc-6d34f609ed90,금과골프장,금과골프장,금과,금과골프장,금과골프장,,,,,,,,manual_review,,,1,0,,,,,,,,,0,1,1,0,,,,,teescanner,2026-06-25T08:26:33.813Z,2026-06-25T08:26:33.813Z,
139,gc-fd40b7bf3b76,순창CC,순창CC,순창,디케이레저,디케이레저,,,,,,,,manual_review,,,1,0,,,,,,,,,0,1,1,0,,,,,teescanner,2026-06-25T08:27:13.213Z,2026-06-25T08:27:13.213Z,
140,gc-7d2ed71b8086,그린필드GC,그린필드GC,그린필드,그린필드GC,그린필드,,그린필드,그린필드,제주,제주시,,,accept_price,,,1,1,107000,137000,137000,167000,107000,167000,107000,167000,2,0,0,2,loaded_slots,loaded_slots,complete,제주 > 제주시,teescanner,2026-06-25T08:28:34.926Z,2026-06-25T08:28:34.926Z,https://www.teescanner.com/booking/detail?tab=teetime&golfclub_seq=77&roundDay=2026-06-29&entry_path=SC
141,gc-7860808d29d1,테디밸리CC,테디밸리CC,테디밸리,테디밸리,테디밸리,,,,,,,,manual_review,,,1,0,,,,,,,,,0,1,1,0,,,,,teescanner,2026-06-25T08:28:56.651Z,2026-06-25T08:28:56.651Z,
142,gc-cf50ab88350d,제주힐CC(폐업),제주힐CC(폐업),제주힐CC(폐업),㈜그랜드부민 꿈드림목장,㈜그랜드부민 꿈드림목장,,,,,,,,manual_review,,,1,0,,,,,,,,,0,1,1,0,,,,,teescanner,2026-06-25T08:29:36.193Z,2026-06-25T08:29:36.193Z,
